method,seed,success,failure,time_to_goal,station_rmse,theta_err,mean_runtime_us,deadreck_err,retriggers
proposed,10000,1,,11.55,0.119271,0.0664241,8.6851,2.11884,0
proposed,10001,1,,8.21,0.0522484,0.0419585,8.51416,1.87858,0
proposed,10002,1,,13.24,0.0401902,0.022362,8.50417,0.873217,0
proposed,10003,1,,8.89,0.173998,0.0600804,8.08164,1.34786,0
proposed,10004,1,,17.33,0.0564904,0.00583797,8.31989,1.40732,0
proposed,10005,1,,11.79,0.140277,0.0504344,8.10663,1.17795,0
proposed,10006,1,,9.76,0.0146268,0.0454838,7.68644,1.73003,0
proposed,10007,1,,14.86,0.0491757,0.0333471,8.48584,0.586386,0
proposed,10008,1,,18.56,0.0737131,0.0172079,8.02299,1.28649,0
proposed,10009,1,,19.1,0.101489,0.0411504,7.83272,2.34909,0
proposed,10010,1,,15.91,0.012602,0.0848931,7.98767,2.59863,0
proposed,10011,1,,9.46,0.0835584,0.0586861,8.15128,0.942765,0
proposed,10012,1,,15.12,0.0577477,0.0249394,8.31456,0.264212,0
proposed,10013,1,,7.63,0.0663064,0.0351848,8.20626,1.94117,0
proposed,10014,1,,11.78,0.0118684,0.00195161,8.23292,1.54629,0
proposed,10015,1,,15.13,0.0463683,0.0764159,8.16694,1.2296,0
proposed,10016,1,,9.62,0.107146,0.0205368,7.89437,2.08952,0
proposed,10017,1,,20.45,0.0916007,0.110867,8.09164,1.66198,0
proposed,10018,1,,17.2,0.0494556,0.0079577,8.41486,0.688477,0
proposed,10019,1,,17.72,0.0678351,0.0119942,8.34055,1.46607,0
proposed,10020,1,,18.52,0.0639302,0.0347979,8.03532,1.17753,0
proposed,10021,1,,16.69,0.0738175,0.0116202,8.01866,0.897914,0
proposed,10022,1,,7.91,0.0550918,0.0217624,8.30023,1.6,0
proposed,10023,1,,16.63,0.0701326,0.0180089,7.86405,1.51949,0
proposed,10024,1,,20.08,0.0468453,0.0310486,8.27291,2.02542,0
proposed,10025,1,,12.73,0.126163,0.020004,8.33056,2.25062,0
proposed,10026,1,,9.11,0.0607213,0.0280823,7.85272,2.28587,0
proposed,10027,1,,20.48,0.141278,0.0509808,7.72976,1.75074,0
proposed,10028,1,,12.19,0.053054,0.0728822,7.82373,0.894062,0
proposed,10029,1,,13.08,0.0223355,0.0032406,8.53749,1.82673,0
proposed,10030,1,,12.47,0.0682636,0.0547154,8.71943,1.90643,0
proposed,10031,1,,17.13,0.0604943,0.00141661,7.93635,0.905965,0
proposed,10032,1,,17.6,0.0470854,0.0485277,7.84405,1.72745,0
proposed,10033,1,,15.06,0.0547872,0.0161001,7.77408,0.944344,0
proposed,10034,1,,15.85,0.0561165,0.0813452,8.45318,0.639169,0
proposed,10035,1,,15.78,0.032014,0.00038687,7.98267,2.02309,0
proposed,10036,1,,14.2,0.0721397,0.0234511,7.85338,0.1306,0
proposed,10037,1,,10.19,0.0718378,0.0399501,8.15595,0.898349,0
proposed,10038,1,,21.43,0.0737202,0.0139014,8.04565,0.738888,0
proposed,10039,1,,14.56,0.0682103,0.0172136,8.23925,1.55064,0
proposed,10040,1,,17.33,0.0681787,0.0297602,8.28257,1.19658,0
proposed,10041,1,,17.73,0.0223027,0.034138,7.68744,1.93687,0
proposed,10042,1,,8.87,0.101346,0.0093301,8.85671,1.68622,0
proposed,10043,1,,18.26,0.0938072,0.0157224,7.7884,1.10687,0
proposed,10044,1,,8.9,0.109335,0.0435208,8.29424,1.1025,0
proposed,10045,1,,13.88,0.037092,0.0238214,9.39254,1.51305,0
proposed,10046,1,,20.81,0.0582546,0.0702203,8.70643,1.80327,0
proposed,10047,1,,10.21,0.0478489,0.0210017,7.87737,2.31356,0
proposed,10048,1,,10.31,0.0237338,0.035882,7.79107,1.2454,0
proposed,10049,1,,15.24,0.0657236,0.0190101,8.04432,1.45453,0
proposed,10050,1,,11.58,0.107287,0.0280893,8.2959,1.87041,0
proposed,10051,1,,11.55,0.0210835,0.010042,8.52083,0.217841,0
proposed,10052,1,,14.26,0.0929228,0.101736,8.1866,1.0812,0
proposed,10053,1,,14.55,0.0576397,0.00367606,8.34888,2.43086,0
proposed,10054,1,,13.31,0.199914,0.0391702,8.74309,1.08523,0
proposed,10055,1,,13.26,0.0300881,0.0601496,7.98067,1.59486,0
proposed,10056,1,,16.28,0.0907046,0.00858549,8.5998,0.781337,0
proposed,10057,1,,12.7,0.0205624,0.0573093,8.03332,1.14501,0
proposed,10058,1,,16.81,0.0657126,0.0447059,8.14895,0.891183,0
proposed,10059,1,,8.84,0.145095,0.0697019,7.77274,2.35163,0
proposed,10060,1,,12.37,0.0877434,0.00182345,8.18227,1.09452,0
proposed,10061,1,,13.07,0.0455136,0.0148641,8.49983,0.72635,0
proposed,10062,1,,12.99,0.0740332,0.0474627,8.53515,0.371089,0
proposed,10063,1,,14.82,0.0694303,0.0215013,8.71476,1.53204,0
proposed,10064,1,,13.08,0.0706936,0.0151467,8.16428,1.36963,0
proposed,10065,1,,19.15,0.160034,0.038818,8.25192,2.3773,0
proposed,10066,1,,14.16,0.0783375,0.0726424,8.27924,2.56675,0
proposed,10067,1,,16.24,0.0418018,0.0549158,8.12063,1.39014,0
proposed,10068,1,,19.7,0.0515997,0.0510977,8.35921,1.51517,0
proposed,10069,1,,16.82,0.0310491,0.0449339,8.06198,2.11574,0
proposed,10070,1,,18.28,0.0540724,0.0299605,8.04032,1.8589,0
proposed,10071,1,,14.29,0.0759657,0.0356483,8.44552,1.62622,0
proposed,10072,1,,15.28,0.115974,0.081504,8.80506,0.221907,0
proposed,10073,1,,10.48,0.0566273,0.0358491,8.1886,1.30091,0
proposed,10074,1,,16.52,0.0226463,0.0371622,7.991,2.18426,0
proposed,10075,1,,13.53,0.147096,0.00689374,8.10696,2.28335,0
proposed,10076,1,,17.78,0.0293268,0.00151676,8.24425,1.84394,0
proposed,10077,1,,12.03,0.0414226,0.0513978,8.32323,1.93992,0
proposed,10078,1,,15.78,0.0478321,0.116544,8.18727,1.38854,0
proposed,10079,1,,17.07,0.0738104,0.0135164,8.31923,1.25158,0
proposed,10080,1,,10.55,0.0753491,0.0136731,8.96468,1.45502,0
proposed,10081,1,,12.89,0.0495354,0.0703786,8.59947,0.772849,0
proposed,10082,1,,14.04,0.0756164,0.0395233,8.57114,1.19988,0
proposed,10083,1,,12.33,0.122087,0.0906618,8.97034,1.70912,0
proposed,10084,1,,12.8,0.184495,0.0080498,8.34855,0.758339,0
proposed,10085,1,,12.58,0.013994,0.00199233,8.07664,2.05448,0
proposed,10086,1,,16.26,0.0352744,0.0924839,7.78774,1.25596,0
proposed,10087,1,,9.99,0.0184959,0.0558376,8.26758,2.42866,0
proposed,10088,1,,14.66,0.059435,0.0364369,13.2776,1.00248,0
proposed,10089,1,,14.75,0.0668498,0.0582652,12.3372,0.975079,0
proposed,10090,1,,16.11,0.0630589,0.021328,14.8101,0.700113,0
proposed,10091,1,,11.77,0.0185815,0.0424263,11.4339,1.20523,0
proposed,10092,1,,8.28,0.128849,0.00134358,10.4192,1.48103,0
proposed,10093,1,,16.26,0.0389034,0.0396533,11.9977,1.22651,0
proposed,10094,1,,15.32,0.0504022,0.0935037,11.3722,0.939981,0
proposed,10095,1,,17.77,0.0825099,0.000738357,12.3822,1.16697,0
proposed,10096,1,,18.92,0.0748241,0.00332043,12.4535,1.72096,0
proposed,10097,1,,11.29,0.178439,0.0116951,11.1613,2.05984,0
proposed,10098,1,,17.59,0.0644558,0.04922,12.1859,2.16838,0
proposed,10099,1,,11.39,0.182724,0.0892058,11.5728,1.96317,0
proposed,10100,1,,15.68,0.103973,0.06952,16.037,2.01858,0
proposed,10101,1,,15.43,0.0583516,0.0827508,12.0013,0.760475,0
proposed,10102,1,,14.25,0.0807669,0.0418963,13.6328,1.58729,0
proposed,10103,1,,11.68,0.0315523,0.0366666,16.4085,1.56181,0
proposed,10104,1,,19.97,0.100033,0.017061,16.6485,0.456234,0
proposed,10105,1,,14.86,0.00759777,0.090007,12.5858,0.94707,0
proposed,10106,1,,13.29,0.0541669,0.080606,11.6784,2.33107,0
proposed,10107,1,,11.12,0.0610256,0.073339,14.3829,1.43422,0
proposed,10108,1,,12.78,0.0382782,0.0406767,14.3665,1.5522,0
proposed,10109,1,,18.06,0.054513,0.00301733,7.91503,0.642739,0
proposed,10110,1,,15.08,0.0682477,0.0354662,11.0576,0.940901,0
proposed,10111,1,,11.18,0.142319,0.0423189,10.4915,1.55126,0
proposed,10112,1,,13.05,0.179526,0.00571604,8.6851,1.12825,0
proposed,10113,1,,12.83,0.0520368,0.0721179,8.41486,1.87397,0
proposed,10114,1,,13.66,0.111117,0.05918,8.56881,3.03837,0
proposed,10115,1,,19.9,0.0757489,0.0592298,7.92602,1.45304,0
proposed,10116,1,,9.94,0.0575503,0.00462041,8.46884,1.78512,0
proposed,10117,1,,15.97,0.0910718,0.043705,9.84372,0.902576,0
proposed,10118,1,,10.54,0.0991788,0.0197398,14.0367,1.34483,0
proposed,10119,1,,13.16,0.144612,0.00337384,12.6295,0.764358,0
proposed,10120,1,,14.39,0.0340707,0.0599314,8.79207,1.08116,0
proposed,10121,1,,13.54,0.0510075,0.00677485,8.54249,2.05638,0
proposed,10122,1,,14.1,0.0353861,0.0288469,8.61146,2.10245,0
proposed,10123,1,,13.85,0.0900887,0.0386998,9.22393,2.21914,0
proposed,10124,1,,16.08,0.114192,0.0530063,12.052,0.836182,0
proposed,10125,1,,12.46,0.058794,0.0372441,11.1456,1.31741,0
proposed,10126,1,,19.94,0.0247607,0.0474691,10.6938,2.61631,0
proposed,10127,1,,9.41,0.0735589,0.034518,9.97201,2.90259,0
proposed,10128,1,,11.19,0.0135124,0.0676741,11.5508,1.5759,0
proposed,10129,1,,15.87,0.10798,0.0258723,9.6881,2.47938,0
proposed,10130,1,,13.27,0.0580394,0.0012157,9.50317,1.82194,0
proposed,10131,1,,8.11,0.0973329,0.028524,13.942,1.82632,0
proposed,10132,1,,16.62,0.105082,0.0209844,11.2316,0.60921,0
proposed,10133,1,,18.23,0.0717061,0.0608273,11.1753,1.74657,0
proposed,10134,1,,18.54,0.0725346,0.0127979,14.4942,0.83793,0
proposed,10135,1,,18.79,0.0216449,0.00695018,14.854,1.50662,0
proposed,10136,1,,8.87,0.0860322,0.0807535,13.058,2.27719,0
proposed,10137,1,,12.17,0.0485696,0.0570182,16.8794,2.31233,0
proposed,10138,1,,11.71,0.0775836,0.0452866,12.4805,2.3747,0
proposed,10139,1,,13.38,0.0219842,0.0628949,8.87038,2.68473,0
proposed,10140,1,,9.73,0.0445983,0.0347595,13.0936,2.33113,0
proposed,10141,1,,19.77,0.0825154,0.0218042,7.86205,1.49747,0
proposed,10142,1,,12.43,0.0317476,0.00136914,16.7641,1.24558,0
proposed,10143,1,,12.09,0.0530414,0.0298319,10.4272,1.55123,0
proposed,10144,1,,9.02,0.0704103,0.0154228,7.85671,1.49033,0
proposed,10145,1,,17.25,0.0851451,0.0128392,7.76841,2.02104,0
proposed,10146,1,,10.68,0.109062,0.00663181,10.5701,2.34709,0
proposed,10147,1,,12.7,0.148856,0.0269266,9.14762,1.87974,0
proposed,10148,1,,9,0.0819555,0.0531737,13.0353,1.30146,0
proposed,10149,1,,12.85,0.0723797,0.00667797,8.03699,0.646726,0
proposed,10150,1,,17.72,0.0532474,0.0146259,8.22892,1.58533,0
proposed,10151,1,,14,0.0302641,0.0449936,7.87071,0.90294,0
proposed,10152,1,,13.75,0.0660262,0.0437088,13.928,2.02052,0
proposed,10153,1,,12.19,0.0709901,0.0300739,11.1689,1.27455,0
proposed,10154,1,,16.59,0.0618097,0.0237347,11.6804,0.604789,0
proposed,10155,1,,12.29,0.0596464,0.102213,14.3689,1.04043,0
proposed,10156,1,,9.94,0.105394,0.058893,11.2009,2.09909,0
proposed,10157,1,,13.08,0.0754562,0.00340441,11.5991,1.52682,0
proposed,10158,1,,14.2,0.0414176,0.00892372,11.2043,2.2327,0
proposed,10159,1,,8.64,0.0140224,0.0276892,13.3082,2.68299,0
proposed,10160,1,,13.12,0.0882429,0.0530172,9.63146,3.52096,0
proposed,10161,1,,19.54,0.0603143,0.0657293,8.39853,0.504654,0
proposed,10162,1,,11.01,0.0592924,0.0571334,12.995,1.74788,0
proposed,10163,1,,13.67,0.0567287,0.00706765,11.1676,1.30389,0
proposed,10164,1,,20.4,0.0790128,0.0434334,8.0893,1.91247,0
proposed,10165,1,,15.39,0.0483352,0.0176804,8.03066,1.30451,0
proposed,10166,1,,11.36,0.0528375,0.0967716,10.2522,0.401825,0
proposed,10167,1,,13.73,0.0265085,0.00807007,11.9414,0.723467,0
proposed,10168,1,,13.11,0.0405711,0.0460662,8.29324,1.49111,0
proposed,10169,1,,16.14,0.0239419,0.0350497,17.5392,2.29589,0
proposed,10170,1,,12.42,0.0583237,0.0527512,13.1683,1.49678,0
proposed,10171,1,,16.4,0.105145,0.0445336,15.5815,1.88093,0
proposed,10172,1,,17.77,0.0278707,0.0376654,10.2426,0.562283,0
proposed,10173,1,,14.2,0.0455019,0.038485,9.21393,1.39635,0
proposed,10174,1,,9.68,0.177951,0.0253332,9.18261,1.70483,0
proposed,10175,1,,15.11,0.00386318,0.0238502,8.49317,2.70284,0
proposed,10176,1,,17.02,0.0506945,0.0061145,16.6724,1.13451,0
proposed,10177,1,,13.94,0.0911417,0.0079701,11.2562,1.49068,0
proposed,10178,1,,8.21,0.0779609,0.0277225,11.1356,2.44511,0
proposed,10179,1,,12.21,0.0921733,0.0440686,13.9167,2.06705,0
proposed,10180,1,,19.03,0.0905223,0.0309915,13.6741,1.17063,0
proposed,10181,1,,25.43,0.0913467,0.00700749,9.45385,1.71668,0
proposed,10182,1,,18.77,0.0399179,0.0496935,18.5738,1.83405,0
proposed,10183,1,,18.08,0.117043,0.0217721,13.1589,2.09646,0
proposed,10184,1,,16.67,0.0213168,0.116514,12.125,0.884425,0
proposed,10185,1,,17.51,0.0218969,0.0769299,7.76808,1.2864,0
proposed,10186,1,,12.67,0.0362176,0.0100413,8.12562,0.706518,0
proposed,10187,1,,15.29,0.0597316,0.0238952,8.22892,0.199177,0
proposed,10188,1,,16.86,0.0414803,0.0214274,8.61546,2.03464,0
proposed,10189,1,,18.91,0.0524742,0.0740347,8.36421,0.663091,0
proposed,10190,1,,13.51,0.120661,0.0864754,8.12596,1.26137,0
proposed,10191,1,,18.05,0.0834604,0.00430377,8.77241,1.25847,0
proposed,10192,1,,16.38,0.0265075,0.0242525,7.75042,2.48603,0
proposed,10193,1,,18.61,0.0581585,0.0787272,10.8957,2.11447,0
proposed,10194,1,,11.8,0.0641089,0.14428,8.94402,1.56402,0
proposed,10195,1,,12.55,0.0644575,0.0338954,9.92336,1.14312,0
proposed,10196,1,,12.48,0.0513827,0.00534265,9.06198,0.864323,0
proposed,10197,1,,10.65,0.0748614,0.01737,8.0953,0.961607,0
proposed,10198,1,,13.66,0.0949647,0.0255598,9.15395,0.729037,0
proposed,10199,1,,12.75,0.0519965,0.0107752,8.20493,0.550978,0
proposed_smoother,10000,1,,11.55,0.119271,0.0664241,282.945,2.11884,0
proposed_smoother,10001,1,,8.21,0.0522484,0.0419585,260.364,1.87858,0
proposed_smoother,10002,1,,13.24,0.0401902,0.022362,230.884,0.873217,0
proposed_smoother,10003,1,,8.89,0.173998,0.0600804,227.435,1.34786,0
proposed_smoother,10004,1,,17.33,0.0564904,0.00583797,248.578,1.40732,0
proposed_smoother,10005,1,,11.79,0.140277,0.0504344,235.556,1.17795,0
proposed_smoother,10006,1,,9.76,0.0146268,0.0454838,236.805,1.73003,0
proposed_smoother,10007,1,,14.86,0.0491757,0.0333471,248.759,0.586386,0
proposed_smoother,10008,1,,18.56,0.0737131,0.0172079,253.646,1.28649,0
proposed_smoother,10009,1,,19.1,0.101489,0.0411504,237.984,2.34909,0
proposed_smoother,10010,1,,15.91,0.012602,0.0848931,240.291,2.59863,0
proposed_smoother,10011,1,,9.46,0.0835584,0.0586861,247.588,0.942765,0
proposed_smoother,10012,1,,15.12,0.0577477,0.0249394,258.017,0.264212,0
proposed_smoother,10013,1,,7.63,0.0663064,0.0351848,250.039,1.94117,0
proposed_smoother,10014,1,,11.78,0.0118684,0.00195161,262.14,1.54629,0
proposed_smoother,10015,1,,15.13,0.0463683,0.0764159,223.612,1.2296,0
proposed_smoother,10016,1,,9.62,0.107146,0.0205368,238.543,2.08952,0
proposed_smoother,10017,1,,20.45,0.0916007,0.110867,241.228,1.66198,0
proposed_smoother,10018,1,,17.2,0.0494556,0.0079577,246.969,0.688477,0
proposed_smoother,10019,1,,17.72,0.0678351,0.0119942,252.002,1.46607,0
proposed_smoother,10020,1,,18.52,0.0639302,0.0347979,234.567,1.17753,0
proposed_smoother,10021,1,,16.69,0.0738175,0.0116202,202.518,0.897914,0
proposed_smoother,10022,1,,7.91,0.0550918,0.0217624,219.882,1.6,0
proposed_smoother,10023,1,,16.63,0.0701326,0.0180089,259.332,1.51949,0
proposed_smoother,10024,1,,20.08,0.0468453,0.0310486,227.494,2.02542,0
proposed_smoother,10025,1,,12.73,0.126163,0.020004,264.378,2.25062,0
proposed_smoother,10026,1,,9.11,0.0607213,0.0280823,243.859,2.28587,0
proposed_smoother,10027,1,,20.48,0.141278,0.0509808,200.283,1.75074,0
proposed_smoother,10028,1,,12.19,0.053054,0.0728822,246.072,0.894062,0
proposed_smoother,10029,1,,13.08,0.0223355,0.0032406,234.203,1.82673,0
proposed_smoother,10030,1,,12.47,0.0682636,0.0547154,225.08,1.90643,0
proposed_smoother,10031,1,,17.13,0.0604943,0.00141661,217.636,0.905965,0
proposed_smoother,10032,1,,17.6,0.0470854,0.0485277,241.291,1.72745,0
proposed_smoother,10033,1,,15.06,0.0547872,0.0161001,265.769,0.944344,0
proposed_smoother,10034,1,,15.85,0.0561165,0.0813452,221.41,0.639169,0
proposed_smoother,10035,1,,15.78,0.032014,0.00038687,239.443,2.02309,0
proposed_smoother,10036,1,,14.2,0.0721397,0.0234511,247.248,0.1306,0
proposed_smoother,10037,1,,10.19,0.0718378,0.0399501,255.381,0.898349,0
proposed_smoother,10038,1,,21.43,0.0737202,0.0139014,267.273,0.738888,0
proposed_smoother,10039,1,,14.56,0.0682103,0.0172136,232.022,1.55064,0
proposed_smoother,10040,1,,17.33,0.0681787,0.0297602,250.539,1.19658,0
proposed_smoother,10041,1,,17.73,0.0223027,0.034138,242.777,1.93687,0
proposed_smoother,10042,1,,8.87,0.101346,0.0093301,236.428,1.68622,0
proposed_smoother,10043,1,,18.26,0.0938072,0.0157224,217.873,1.10687,0
proposed_smoother,10044,1,,8.9,0.109335,0.0435208,256.849,1.1025,0
proposed_smoother,10045,1,,13.88,0.037092,0.0238214,252.811,1.51305,0
proposed_smoother,10046,1,,20.81,0.0582546,0.0702203,246.296,1.80327,0
proposed_smoother,10047,1,,10.21,0.0478489,0.0210017,238.191,2.31356,0
proposed_smoother,10048,1,,10.31,0.0237338,0.035882,248.056,1.2454,0
proposed_smoother,10049,1,,15.24,0.0657236,0.0190101,225.445,1.45453,0
proposed_smoother,10050,1,,11.58,0.107287,0.0280893,248.021,1.87041,0
proposed_smoother,10051,1,,11.55,0.0210835,0.010042,251.202,0.217841,0
proposed_smoother,10052,1,,14.26,0.0929228,0.101736,236.133,1.0812,0
proposed_smoother,10053,1,,14.55,0.0576397,0.00367606,244.463,2.43086,0
proposed_smoother,10054,1,,13.31,0.199914,0.0391702,226.116,1.08523,0
proposed_smoother,10055,1,,13.26,0.0300881,0.0601496,290.216,1.59486,0
proposed_smoother,10056,1,,16.28,0.0907046,0.00858549,300.61,0.781337,0
proposed_smoother,10057,1,,12.7,0.0205624,0.0573093,247.849,1.14501,0
proposed_smoother,10058,1,,16.81,0.0657126,0.0447059,277.131,0.891183,0
proposed_smoother,10059,1,,8.84,0.145095,0.0697019,231.528,2.35163,0
proposed_smoother,10060,1,,12.37,0.0877434,0.00182345,278.138,1.09452,0
proposed_smoother,10061,1,,13.07,0.0455136,0.0148641,234.933,0.72635,0
proposed_smoother,10062,1,,12.99,0.0740332,0.0474627,251.047,0.371089,0
proposed_smoother,10063,1,,14.82,0.0694303,0.0215013,295.622,1.53204,0
proposed_smoother,10064,1,,13.08,0.0706936,0.0151467,299.406,1.36963,0
proposed_smoother,10065,1,,19.15,0.160034,0.038818,291.932,2.3773,0
proposed_smoother,10066,1,,14.16,0.0783375,0.0726424,284.115,2.56675,0
proposed_smoother,10067,1,,16.24,0.0418018,0.0549158,201.511,1.39014,0
proposed_smoother,10068,1,,19.7,0.0515997,0.0510977,276.728,1.51517,0
proposed_smoother,10069,1,,16.82,0.0310491,0.0449339,234.421,2.11574,0
proposed_smoother,10070,1,,18.28,0.0540724,0.0299605,256.796,1.8589,0
proposed_smoother,10071,1,,14.29,0.0759657,0.0356483,225.998,1.62622,0
proposed_smoother,10072,1,,15.28,0.115974,0.081504,228.009,0.221907,0
proposed_smoother,10073,1,,10.48,0.0566273,0.0358491,264.936,1.30091,0
proposed_smoother,10074,1,,16.52,0.0226463,0.0371622,241.083,2.18426,0
proposed_smoother,10075,1,,13.53,0.147096,0.00689374,281.226,2.28335,0
proposed_smoother,10076,1,,17.78,0.0293268,0.00151676,265.042,1.84394,0
proposed_smoother,10077,1,,12.03,0.0414226,0.0513978,202.859,1.93992,0
proposed_smoother,10078,1,,15.78,0.0478321,0.116544,281.989,1.38854,0
proposed_smoother,10079,1,,17.07,0.0738104,0.0135164,226.564,1.25158,0
proposed_smoother,10080,1,,10.55,0.0753491,0.0136731,251.175,1.45502,0
proposed_smoother,10081,1,,12.89,0.0495354,0.0703786,262.444,0.772849,0
proposed_smoother,10082,1,,14.04,0.0756164,0.0395233,260.936,1.19988,0
proposed_smoother,10083,1,,12.33,0.122087,0.0906618,240.163,1.70912,0
proposed_smoother,10084,1,,12.8,0.184495,0.0080498,298.763,0.758339,0
proposed_smoother,10085,1,,12.58,0.013994,0.00199233,243.117,2.05448,0
proposed_smoother,10086,1,,16.26,0.0352744,0.0924839,221.651,1.25596,0
proposed_smoother,10087,1,,9.99,0.0184959,0.0558376,258.041,2.42866,0
proposed_smoother,10088,1,,14.66,0.059435,0.0364369,230.01,1.00248,0
proposed_smoother,10089,1,,14.75,0.0668498,0.0582652,207.268,0.975079,0
proposed_smoother,10090,1,,16.11,0.0630589,0.021328,214.595,0.700113,0
proposed_smoother,10091,1,,11.77,0.0185815,0.0424263,222.536,1.20523,0
proposed_smoother,10092,1,,8.28,0.128849,0.00134358,274.242,1.48103,0
proposed_smoother,10093,1,,16.26,0.0389034,0.0396533,226.707,1.22651,0
proposed_smoother,10094,1,,15.32,0.0504022,0.0935037,276.497,0.939981,0
proposed_smoother,10095,1,,17.77,0.0825099,0.000738357,207.736,1.16697,0
proposed_smoother,10096,1,,18.92,0.0748241,0.00332043,241.698,1.72096,0
proposed_smoother,10097,1,,11.29,0.178439,0.0116951,257.11,2.05984,0
proposed_smoother,10098,1,,17.59,0.0644558,0.04922,268.891,2.16838,0
proposed_smoother,10099,1,,11.39,0.182724,0.0892058,268.378,1.96317,0
proposed_smoother,10100,1,,15.68,0.103973,0.06952,234.632,2.01858,0
proposed_smoother,10101,1,,15.43,0.0583516,0.0827508,270.134,0.760475,0
proposed_smoother,10102,1,,14.25,0.0807669,0.0418963,211.036,1.58729,0
proposed_smoother,10103,1,,11.68,0.0315523,0.0366666,259.709,1.56181,0
proposed_smoother,10104,1,,19.97,0.100033,0.017061,288.932,0.456234,0
proposed_smoother,10105,1,,14.86,0.00759777,0.090007,263.956,0.94707,0
proposed_smoother,10106,1,,13.29,0.0541669,0.080606,280.194,2.33107,0
proposed_smoother,10107,1,,11.12,0.0610256,0.073339,260.613,1.43422,0
proposed_smoother,10108,1,,12.78,0.0382782,0.0406767,294.362,1.5522,0
proposed_smoother,10109,1,,18.06,0.054513,0.00301733,251.81,0.642739,0
proposed_smoother,10110,1,,15.08,0.0682477,0.0354662,216.286,0.940901,0
proposed_smoother,10111,1,,11.18,0.142319,0.0423189,255.765,1.55126,0
proposed_smoother,10112,1,,13.05,0.179526,0.00571604,266.217,1.12825,0
proposed_smoother,10113,1,,12.83,0.0520368,0.0721179,233.449,1.87397,0
proposed_smoother,10114,1,,13.66,0.111117,0.05918,267.943,3.03837,0
proposed_smoother,10115,1,,19.9,0.0757489,0.0592298,212.427,1.45304,0
proposed_smoother,10116,1,,9.94,0.0575503,0.00462041,223.077,1.78512,0
proposed_smoother,10117,1,,15.97,0.0910718,0.043705,206.061,0.902576,0
proposed_smoother,10118,1,,10.54,0.0991788,0.0197398,245.596,1.34483,0
proposed_smoother,10119,1,,13.16,0.144612,0.00337384,240.436,0.764358,0
proposed_smoother,10120,1,,14.39,0.0340707,0.0599314,216.684,1.08116,0
proposed_smoother,10121,1,,13.54,0.0510075,0.00677485,236.496,2.05638,0
proposed_smoother,10122,1,,14.1,0.0353861,0.0288469,279.705,2.10245,0
proposed_smoother,10123,1,,13.85,0.0900887,0.0386998,270.614,2.21914,0
proposed_smoother,10124,1,,16.08,0.114192,0.0530063,301.771,0.836182,0
proposed_smoother,10125,1,,12.46,0.058794,0.0372441,238.07,1.31741,0
proposed_smoother,10126,1,,19.94,0.0247607,0.0474691,248.568,2.61631,0
proposed_smoother,10127,1,,9.41,0.0735589,0.034518,235.154,2.90259,0
proposed_smoother,10128,1,,11.19,0.0135124,0.0676741,235.533,1.5759,0
proposed_smoother,10129,1,,15.87,0.10798,0.0258723,236.275,2.47938,0
proposed_smoother,10130,1,,13.27,0.0580394,0.0012157,242.065,1.82194,0
proposed_smoother,10131,1,,8.11,0.0973329,0.028524,236.95,1.82632,0
proposed_smoother,10132,1,,16.62,0.105082,0.0209844,257.001,0.60921,0
proposed_smoother,10133,1,,18.23,0.0717061,0.0608273,249.83,1.74657,0
proposed_smoother,10134,1,,18.54,0.0725346,0.0127979,208.647,0.83793,0
proposed_smoother,10135,1,,18.79,0.0216449,0.00695018,234.009,1.50662,0
proposed_smoother,10136,1,,8.87,0.0860322,0.0807535,264.977,2.27719,0
proposed_smoother,10137,1,,12.17,0.0485696,0.0570182,241.697,2.31233,0
proposed_smoother,10138,1,,11.71,0.0775836,0.0452866,267.25,2.3747,0
proposed_smoother,10139,1,,13.38,0.0219842,0.0628949,284.071,2.68473,0
proposed_smoother,10140,1,,9.73,0.0445983,0.0347595,266.018,2.33113,0
proposed_smoother,10141,1,,19.77,0.0825154,0.0218042,236.585,1.49747,0
proposed_smoother,10142,1,,12.43,0.0317476,0.00136914,243.093,1.24558,0
proposed_smoother,10143,1,,12.09,0.0530414,0.0298319,245.909,1.55123,0
proposed_smoother,10144,1,,9.02,0.0704103,0.0154228,225.72,1.49033,0
proposed_smoother,10145,1,,17.25,0.0851451,0.0128392,203.514,2.02104,0
proposed_smoother,10146,1,,10.68,0.109062,0.00663181,291.288,2.34709,0
proposed_smoother,10147,1,,12.7,0.148856,0.0269266,268.122,1.87974,0
proposed_smoother,10148,1,,9,0.0819555,0.0531737,223.556,1.30146,0
proposed_smoother,10149,1,,12.85,0.0723797,0.00667797,217.71,0.646726,0
proposed_smoother,10150,1,,17.72,0.0532474,0.0146259,259.987,1.58533,0
proposed_smoother,10151,1,,14,0.0302641,0.0449936,191.366,0.90294,0
proposed_smoother,10152,1,,13.75,0.0660262,0.0437088,252.762,2.02052,0
proposed_smoother,10153,1,,12.19,0.0709901,0.0300739,249.369,1.27455,0
proposed_smoother,10154,1,,16.59,0.0618097,0.0237347,204.34,0.604789,0
proposed_smoother,10155,1,,12.29,0.0596464,0.102213,219.03,1.04043,0
proposed_smoother,10156,1,,9.94,0.105394,0.058893,262.242,2.09909,0
proposed_smoother,10157,1,,13.08,0.0754562,0.00340441,231.497,1.52682,0
proposed_smoother,10158,1,,14.2,0.0414176,0.00892372,244.078,2.2327,0
proposed_smoother,10159,1,,8.64,0.0140224,0.0276892,244.594,2.68299,0
proposed_smoother,10160,1,,13.12,0.0882429,0.0530172,214.539,3.52096,0
proposed_smoother,10161,1,,19.54,0.0603143,0.0657293,254.104,0.504654,0
proposed_smoother,10162,1,,11.01,0.0592924,0.0571334,222.777,1.74788,0
proposed_smoother,10163,1,,13.67,0.0567287,0.00706765,257.78,1.30389,0
proposed_smoother,10164,1,,20.4,0.0790128,0.0434334,220.293,1.91247,0
proposed_smoother,10165,1,,15.39,0.0483352,0.0176804,229.041,1.30451,0
proposed_smoother,10166,1,,11.36,0.0528375,0.0967716,244.97,0.401825,0
proposed_smoother,10167,1,,13.73,0.0265085,0.00807007,229.642,0.723467,0
proposed_smoother,10168,1,,13.11,0.0405711,0.0460662,260.456,1.49111,0
proposed_smoother,10169,1,,16.14,0.0239419,0.0350497,241.795,2.29589,0
proposed_smoother,10170,1,,12.42,0.0583237,0.0527512,214.198,1.49678,0
proposed_smoother,10171,1,,16.4,0.105145,0.0445336,210.727,1.88093,0
proposed_smoother,10172,1,,17.77,0.0278707,0.0376654,221.376,0.562283,0
proposed_smoother,10173,1,,14.2,0.0455019,0.038485,214.491,1.39635,0
proposed_smoother,10174,1,,9.68,0.177951,0.0253332,218.829,1.70483,0
proposed_smoother,10175,1,,15.11,0.00386318,0.0238502,288.005,2.70284,0
proposed_smoother,10176,1,,17.02,0.0506945,0.0061145,192.371,1.13451,0
proposed_smoother,10177,1,,13.94,0.0911417,0.0079701,215.426,1.49068,0
proposed_smoother,10178,1,,8.21,0.0779609,0.0277225,232.529,2.44511,0
proposed_smoother,10179,1,,12.21,0.0921733,0.0440686,202.438,2.06705,0
proposed_smoother,10180,1,,19.03,0.0905223,0.0309915,228.999,1.17063,0
proposed_smoother,10181,1,,25.43,0.0913467,0.00700749,233.224,1.71668,0
proposed_smoother,10182,1,,18.77,0.0399179,0.0496935,261.778,1.83405,0
proposed_smoother,10183,1,,18.08,0.117043,0.0217721,224.269,2.09646,0
proposed_smoother,10184,1,,16.67,0.0213168,0.116514,244.25,0.884425,0
proposed_smoother,10185,1,,17.51,0.0218969,0.0769299,227.749,1.2864,0
proposed_smoother,10186,1,,12.67,0.0362176,0.0100413,270.613,0.706518,0
proposed_smoother,10187,1,,15.29,0.0597316,0.0238952,243.281,0.199177,0
proposed_smoother,10188,1,,16.86,0.0414803,0.0214274,222.631,2.03464,0
proposed_smoother,10189,1,,18.91,0.0524742,0.0740347,272.172,0.663091,0
proposed_smoother,10190,1,,13.51,0.120661,0.0864754,217.121,1.26137,0
proposed_smoother,10191,1,,18.05,0.0834604,0.00430377,223.662,1.25847,0
proposed_smoother,10192,1,,16.38,0.0265075,0.0242525,244.939,2.48603,0
proposed_smoother,10193,1,,18.61,0.0581585,0.0787272,242.116,2.11447,0
proposed_smoother,10194,1,,11.8,0.0641089,0.14428,229.167,1.56402,0
proposed_smoother,10195,1,,12.55,0.0644575,0.0338954,256.925,1.14312,0
proposed_smoother,10196,1,,12.48,0.0513827,0.00534265,226.228,0.864323,0
proposed_smoother,10197,1,,10.65,0.0748614,0.01737,246.755,0.961607,0
proposed_smoother,10198,1,,13.66,0.0949647,0.0255598,221.208,0.729037,0
proposed_smoother,10199,1,,12.75,0.0519965,0.0107752,247.003,0.550978,0
oracle_yaw,10000,1,,10.96,0.0224843,0,7.76241,2.1392,0
oracle_yaw,10001,1,,7.93,0.0987172,0,7.76708,1.86065,0
oracle_yaw,10002,1,,10.99,0.0427571,0,10.3219,0.972567,0
oracle_yaw,10003,1,,8.45,0.0846682,0,19.1809,1.35252,0
oracle_yaw,10004,1,,16.74,0.0560583,0,8.27591,1.43964,0
oracle_yaw,10005,1,,11.26,0.0774799,0,9.46851,1.421,0
oracle_yaw,10006,1,,9.24,0.0207935,0,7.77141,1.8364,0
oracle_yaw,10007,1,,12.85,0.0554435,0,10.5508,0.360164,0
oracle_yaw,10008,1,,16.68,0.0663983,0,15.4209,1.26116,0
oracle_yaw,10009,1,,19.04,0.107501,0,17.5292,2.23608,0
oracle_yaw,10010,1,,15.35,0.021196,0,16.1553,2.66868,0
oracle_yaw,10011,1,,9.14,0.154585,0,16.0303,0.923705,0
oracle_yaw,10012,1,,14.42,0.0332429,0,16.3186,0.348287,0
oracle_yaw,10013,1,,7.21,0.0678641,0,24.983,1.94775,0
oracle_yaw,10014,1,,11.38,0.0171917,0,15.2096,1.5232,0
oracle_yaw,10015,1,,14.37,0.0747504,0,16.8441,1.44941,0
oracle_yaw,10016,1,,9.35,0.0851951,0,20.5611,2.12476,0
oracle_yaw,10017,1,,19.16,0.150205,0,16.11,2.22309,0
oracle_yaw,10018,1,,16.3,0.0835132,0,11.1403,0.829112,0
oracle_yaw,10019,1,,16.15,0.0464136,0,7.75342,1.35992,0
oracle_yaw,10020,1,,20.87,0.0620928,0,8.23226,1.04415,0
oracle_yaw,10021,1,,16.33,0.103131,0,7.71276,1.01059,0
oracle_yaw,10022,1,,7.65,0.060822,0,11.9174,1.62758,0
oracle_yaw,10023,1,,14.79,0.0652683,0,13.7344,1.50706,0
oracle_yaw,10024,1,,18.38,0.0851883,0,12.1023,2.03372,0
oracle_yaw,10025,1,,11.35,0.097527,0,16.961,2.12863,0
oracle_yaw,10026,1,,8.39,0.0466954,0,19.6105,2.32915,0
oracle_yaw,10027,1,,20.28,0.0852779,0,9.10097,1.73518,0
oracle_yaw,10028,1,,10.56,0.0594288,0,9.31423,1.02441,0
oracle_yaw,10029,1,,12.73,0.0419675,0,7.79607,1.7127,0
oracle_yaw,10030,1,,10.75,0.0736443,0,8.33489,1.68277,0
oracle_yaw,10031,1,,15.58,0.0441483,0,7.73176,0.819197,0
oracle_yaw,10032,1,,16.38,0.0679037,0,7.83705,1.61336,0
oracle_yaw,10033,1,,14.51,0.075715,0,7.75808,0.928648,0
oracle_yaw,10034,1,,13.69,0.063937,0,8.98934,1.66217,0
oracle_yaw,10035,1,,12.2,0.0123503,0,12.8617,1.77152,0
oracle_yaw,10036,1,,12.49,0.0323666,0,15.0966,0.382924,0
oracle_yaw,10037,1,,9.09,0.0493479,0,10.933,1.044,0
oracle_yaw,10038,1,,19.21,0.0838129,0,12.6848,0.747466,0
oracle_yaw,10039,1,,13.64,0.141158,0,13.0053,1.40029,0
oracle_yaw,10040,1,,16.89,0.0433109,0,14.2396,1.13643,0
oracle_yaw,10041,1,,18.51,0.0913212,0,11.8291,2.0466,0
oracle_yaw,10042,1,,8.26,0.0544437,0,7.9037,1.5924,0
oracle_yaw,10043,1,,17.2,0.0505207,0,8.58547,1.92567,0
oracle_yaw,10044,1,,7.52,0.0588531,0,10.3659,1.25486,0
oracle_yaw,10045,1,,12.72,0.0959367,0,9.79907,1.6066,0
oracle_yaw,10046,1,,16.57,0.0528609,0,9.26824,1.63025,0
oracle_yaw,10047,1,,10.01,0.118465,0,7.84472,2.32857,0
oracle_yaw,10048,1,,8.85,0.0723005,0,7.68277,1.39093,0
oracle_yaw,10049,1,,14.16,0.0793746,0,9.53482,1.37368,0
oracle_yaw,10050,1,,8.78,0.0854318,0,18.5551,1.8041,0
oracle_yaw,10051,1,,10.21,0.0619057,0,9.01899,1.21164,0
oracle_yaw,10052,1,,13.77,0.0977948,0,9.70077,1.03749,0
oracle_yaw,10053,1,,11.65,0.0891217,0,13.4212,2.35055,0
oracle_yaw,10054,1,,11.33,0.199955,0,13.907,1.01745,0
oracle_yaw,10055,1,,11.63,0.049134,0,16.7554,1.48704,0
oracle_yaw,10056,1,,15.5,0.0745261,0,14.4735,1.01723,0
oracle_yaw,10057,1,,12.27,0.0383143,0,10.5068,0.252377,0
oracle_yaw,10058,1,,16.45,0.0678856,0,14.9137,0.914149,0
oracle_yaw,10059,1,,8.47,0.146454,0,11.7004,2.35285,0
oracle_yaw,10060,1,,11.54,0.0886316,0,11.5482,1.16932,0
oracle_yaw,10061,1,,12.86,0.0751325,0,13.8391,1.81471,0
oracle_yaw,10062,1,,12.33,0.139407,0,16.3855,0.30333,0
oracle_yaw,10063,1,,13.76,0.0755634,0,11.3859,1.51619,0
oracle_yaw,10064,1,,12.97,0.0368349,0,9.00966,1.16711,0
oracle_yaw,10065,1,,17.9,0.0606699,0,7.6881,2.46291,0
oracle_yaw,10066,1,,12.85,0.137242,0,17.925,2.63029,0
oracle_yaw,10067,1,,14.82,0.00680051,0,8.7141,1.41717,0
oracle_yaw,10068,1,,18.29,0.0454679,0,7.8054,0.907302,0
oracle_yaw,10069,1,,14.66,0.0301982,0,7.76874,2.16768,0
oracle_yaw,10070,1,,17.77,0.0527057,0,7.70443,1.43276,0
oracle_yaw,10071,1,,13.19,0.0705004,0,10.878,1.606,0
oracle_yaw,10072,1,,14.3,0.0801186,0,8.16395,1.87461,0
oracle_yaw,10073,1,,9.99,0.0615422,0,10.6861,1.73759,0
oracle_yaw,10074,1,,15.46,0.0534619,0,8.85005,1.30163,0
oracle_yaw,10075,1,,12.42,0.0702893,0,7.96101,2.30969,0
oracle_yaw,10076,1,,17.14,0.0543849,0,8.62013,2.06124,0
oracle_yaw,10077,1,,10.95,0.0365137,0,8.48084,1.93893,0
oracle_yaw,10078,1,,14.69,0.084327,0,7.75741,1.78787,0
oracle_yaw,10079,1,,16,0.0768298,0,8.3139,0.934019,0
oracle_yaw,10080,1,,10.24,0.0720116,0,8.35222,1.44382,0
oracle_yaw,10081,1,,12.2,0.0589112,0,11.2459,1.2603,0
oracle_yaw,10082,1,,13.37,0.0668996,0,8.3149,1.40172,0
oracle_yaw,10083,1,,11.17,0.0447455,0,8.95168,1.6045,0
oracle_yaw,10084,1,,12.31,0.172961,0,8.27224,0.745927,0
oracle_yaw,10085,1,,11.94,0.0334749,0,8.13795,2.05122,0
oracle_yaw,10086,1,,14.18,0.0526595,0,10.0536,0.34056,0
oracle_yaw,10087,1,,10.4,0.050331,0,9.11396,2.40266,0
oracle_yaw,10088,1,,15.22,0.095805,0,8.38354,1.11846,0
oracle_yaw,10089,1,,13.21,0.0708463,0,9.94135,1.51634,0
oracle_yaw,10090,1,,14.98,0.0388269,0,11.4049,0.649952,0
oracle_yaw,10091,1,,11.34,0.0675073,0,9.22493,1.16185,0
oracle_yaw,10092,1,,7.9,0.141394,0,8.8134,1.46241,0
oracle_yaw,10093,1,,15.62,0.0626014,0,8.62279,1.43015,0
oracle_yaw,10094,1,,14.76,0.0429741,0,8.30323,0.378747,0
oracle_yaw,10095,1,,15.76,0.0778792,0,9.30923,1.44467,0
oracle_yaw,10096,1,,17.24,0.0731495,0,13.5465,1.63534,0
oracle_yaw,10097,1,,10.91,0.0797749,0,7.75175,2.0829,0
oracle_yaw,10098,1,,17.67,0.0101127,0,8.41953,2.15211,0
oracle_yaw,10099,1,,11.93,0.115925,0,7.68111,2.19792,0
oracle_yaw,10100,1,,14.86,0.107922,0,11.4535,2.60371,0
oracle_yaw,10101,1,,12.21,0.0825713,0,11.3426,0.550397,0
oracle_yaw,10102,1,,12.45,0.0494828,0,8.25591,1.55985,0
oracle_yaw,10103,1,,10.31,0.0789539,0,8.35322,1.78554,0
oracle_yaw,10104,1,,18.77,0.0803487,0,12.7971,0.435175,0
oracle_yaw,10105,1,,13.67,0.0667605,0,8.86671,0.989917,0
oracle_yaw,10106,1,,11.15,0.0442473,0,9.10197,2.92236,0
oracle_yaw,10107,1,,9.68,0.0526584,0,8.3962,1.77884,0
oracle_yaw,10108,1,,10.5,0.023131,0,8.73142,1.26174,0
oracle_yaw,10109,1,,16.28,0.0585924,0,8.06964,0.234111,0
oracle_yaw,10110,1,,12.3,0.0312151,0,7.76608,0.839729,0
oracle_yaw,10111,1,,10.46,0.165298,0,7.80373,1.52962,0
oracle_yaw,10112,1,,11.14,0.0908946,0,8.28724,1.29375,0
oracle_yaw,10113,1,,11.79,0.0417826,0,7.77841,1.55834,0
oracle_yaw,10114,1,,13.13,0.0661369,0,7.76941,3.04918,0
oracle_yaw,10115,1,,17.55,0.0262195,0,9.23026,1.29706,0
oracle_yaw,10116,1,,9.24,0.0386269,0,7.81539,1.76119,0
oracle_yaw,10117,1,,15.12,0.104555,0,8.15595,0.234984,0
oracle_yaw,10118,1,,9.24,0.162791,0,12.5581,1.2699,0
oracle_yaw,10119,1,,12.87,0.164739,0,9.9077,0.789236,0
oracle_yaw,10120,1,,14.02,0.0476409,0,9.28657,0.967834,0
oracle_yaw,10121,1,,11.97,0.0907096,0,7.74109,1.9312,0
oracle_yaw,10122,1,,12.11,0.00296882,0,9.24858,1.9539,0
oracle_yaw,10123,1,,13.45,0.0453155,0,10.6468,1.79625,0
oracle_yaw,10124,1,,13.19,0.108504,0,13.2129,0.928515,0
oracle_yaw,10125,1,,11.88,0.0378694,0,9.91536,1.27763,0
oracle_yaw,10126,1,,17.29,0.114734,0,9.04099,2.61731,0
oracle_yaw,10127,1,,9.06,0.0593551,0,7.90303,2.91392,0
oracle_yaw,10128,1,,9.12,0.0185324,0,10.931,1.70987,0
oracle_yaw,10129,1,,15.44,0.102654,0,8.66011,2.55741,0
oracle_yaw,10130,1,,10.05,0.0723396,0,8.77974,1.84317,0
oracle_yaw,10131,1,,7.53,0.0926247,0,11.5218,1.86418,0
oracle_yaw,10132,1,,13.28,0.102086,0,12.7974,0.600653,0
oracle_yaw,10133,1,,16.99,0.0499215,0,18.2253,1.14273,0
oracle_yaw,10134,1,,17.9,0.021466,0,10.1916,1.44164,0
oracle_yaw,10135,1,,17.64,0.111285,0,9.07031,0.310728,0
oracle_yaw,10136,1,,8.15,0.158035,0,8.98301,2.46435,0
oracle_yaw,10137,1,,9.75,0.0613104,0,8.31889,2.24802,0
oracle_yaw,10138,1,,9.91,0.0730437,0,7.74275,2.46455,0
oracle_yaw,10139,1,,12.14,0.0392158,0,9.00433,2.2079,0
oracle_yaw,10140,1,,8.34,0.0580332,0,7.83072,2.63096,0
oracle_yaw,10141,1,,18.47,0.082729,0,11.4469,1.44248,0
oracle_yaw,10142,1,,10.45,0.0713187,0,7.78141,1.38983,0
oracle_yaw,10143,1,,10.85,0.0607306,0,9.95368,1.54387,0
oracle_yaw,10144,1,,8.01,0.0596261,0,8.35588,1.58486,0
oracle_yaw,10145,1,,16.86,0.0428792,0,8.9107,2.115,0
oracle_yaw,10146,1,,7.96,0.07529,0,7.75975,2.38858,0
oracle_yaw,10147,1,,12.13,0.127918,0,8.80773,1.89794,0
oracle_yaw,10148,1,,8.56,0.0715856,0,14.3592,1.2874,0
oracle_yaw,10149,1,,12.46,0.0832227,0,8.30823,0.628266,0
oracle_yaw,10150,1,,16.72,0.0542769,0,9.0853,1.4747,0
oracle_yaw,10151,1,,13.1,0.0518524,0,16.054,1.45552,0
oracle_yaw,10152,1,,11.53,0.0326272,0,7.82639,2.35796,0
oracle_yaw,10153,1,,11.93,0.0792746,0,8.24459,1.29327,0
oracle_yaw,10154,1,,15.79,0.0621825,0,9.82972,0.794333,0
oracle_yaw,10155,1,,11.25,0.0304159,0,8.34822,1.18333,0
oracle_yaw,10156,1,,9.13,0.107215,0,7.75308,2.10253,0
oracle_yaw,10157,1,,11.7,0.0577768,0,14.3929,1.45712,0
oracle_yaw,10158,1,,13.86,0.0556434,0,9.24958,1.36739,0
oracle_yaw,10159,1,,8.06,0.0244554,0,8.23492,2.67469,0
oracle_yaw,10160,1,,11.76,0.0444869,0,8.42053,3.54778,0
oracle_yaw,10161,1,,18.38,0.0669121,0,13.3086,0.845174,0
oracle_yaw,10162,1,,10.32,0.0372294,0,8.38687,1.66851,0
oracle_yaw,10163,1,,12.91,0.0189618,0,12.1963,1.10311,0
oracle_yaw,10164,1,,18.99,0.0889102,0,9.42986,1.58128,0
oracle_yaw,10165,1,,14.55,0.110019,0,7.85405,1.2663,0
oracle_yaw,10166,1,,10.46,0.0558057,0,8.43985,0.501082,0
oracle_yaw,10167,1,,13.32,0.0258879,0,8.18627,0.76895,0
oracle_yaw,10168,1,,12.66,0.0594444,0,10.2356,1.5837,0
oracle_yaw,10169,1,,15.38,0.0253582,0,8.28757,2.17465,0
oracle_yaw,10170,1,,8.88,0.0715283,0,15.8011,0.810714,0
oracle_yaw,10171,1,,12.26,0.0737776,0,8.26258,1.89495,0
oracle_yaw,10172,1,,17.86,0.0237053,0,7.89503,0.638381,0
oracle_yaw,10173,1,,12.94,0.0193684,0,7.94902,2.36089,0
oracle_yaw,10174,1,,9.41,0.171656,0,13.0197,1.71585,0
oracle_yaw,10175,1,,14.78,0.0319073,0,9.46285,1.83246,0
oracle_yaw,10176,1,,16.99,0.0254616,0,11.8151,1.55381,0
oracle_yaw,10177,1,,12.19,0.0389735,0,8.10397,1.48607,0
oracle_yaw,10178,1,,7.57,0.0740134,0,8.49683,2.46925,0
oracle_yaw,10179,1,,10.63,0.0712502,0,7.93835,2.0149,0
oracle_yaw,10180,1,,17.62,0.0485993,0,11.0497,1.29212,0
oracle_yaw,10181,1,,16.7,0.0570508,0,8.04099,2.14055,0
oracle_yaw,10182,1,,18,0.0455834,0,8.007,1.86971,0
oracle_yaw,10183,1,,18.28,0.107016,0,10.0543,1.96369,0
oracle_yaw,10184,1,,16.11,0.0317819,0,8.56581,2.0838,0
oracle_yaw,10185,1,,16.82,0.062557,0,12.6111,1.76526,0
oracle_yaw,10186,1,,10.22,0.0733957,0,8.34555,0.192119,0
oracle_yaw,10187,1,,13.11,0.109351,0,9.003,1.13148,0
oracle_yaw,10188,1,,16.58,0.0142836,0,12.087,2.03076,0
oracle_yaw,10189,1,,17.37,0.047749,0,15.8031,1.34155,0
oracle_yaw,10190,1,,12.01,0.107385,0,10.0936,1.18498,0
oracle_yaw,10191,1,,15.74,0.161464,0,8.15295,1.01751,0
oracle_yaw,10192,1,,16.03,0.0470275,0,18.8654,2.33581,0
oracle_yaw,10193,1,,17.71,0.0474309,0,7.92403,2.10835,0
oracle_yaw,10194,1,,19.16,0.0919335,0,8.82906,1.49905,0
oracle_yaw,10195,1,,11.07,0.104407,0,8.07764,1.32178,0
oracle_yaw,10196,1,,12.09,0.0538268,0,17.0686,0.781063,0
oracle_yaw,10197,1,,10.15,0.0801834,0,8.68577,0.944991,0
oracle_yaw,10198,1,,11.62,0.0838976,0,13.5015,0.912576,0
oracle_yaw,10199,1,,15.02,0.0470092,0,8.97834,2.07697,0
ekf,10000,1,,11.95,0.146446,0.0681651,0.271243,2.0684,0
ekf,10001,1,,8.23,0.0446976,0.0217755,0.263246,1.86583,0
ekf,10002,1,,13.2,0.069766,0.0120205,0.277574,1.60631,0
ekf,10003,1,,10.01,0.190354,0.0138697,0.593802,1.39539,0
ekf,10004,1,,17.66,0.170526,0.0303705,0.631123,1.3494,0
ekf,10005,1,,12.8,0.178448,0.0571652,0.300233,1.61751,0
ekf,10006,1,,9.78,0.12335,0.0277726,0.277907,1.94873,0
ekf,10007,1,,13.82,0.0798547,0.0633457,0.65978,1.25335,0
ekf,10008,1,,19.02,0.171562,0.0726568,0.581806,1.36241,0
ekf,10009,1,,18.85,0.132912,0.146138,0.352882,2.27622,0
ekf,10010,1,,16.46,0.107463,0.00488478,0.52016,3.01677,0
ekf,10011,1,,9.66,0.0552297,0.0253277,0.302566,0.908366,0
ekf,10012,1,,15.46,0.16181,0.0624547,0.406531,0.342334,0
ekf,10013,1,,7.59,0.0500835,0.00774284,0.853382,1.8673,0
ekf,10014,1,,12.25,0.0661321,0.00393587,0.877374,1.0987,0
ekf,10015,1,,15.27,0.0378714,0.0516888,0.845052,0.75287,0
ekf,10016,1,,10.37,0.125984,0.276503,0.842053,1.69717,0
ekf,10017,1,,22.24,0.180785,0.12759,0.836721,2.79417,0
ekf,10018,1,,17.39,0.0935,0.0144941,0.860713,1.70155,0
ekf,10019,1,,17.85,0.0564381,0.018919,0.56048,1.39915,0
ekf,10020,1,,18.57,0.0775335,0.193498,0.390536,2.17959,0
ekf,10021,1,,16.97,0.0436049,0.004721,0.726758,1.29093,0
ekf,10022,1,,8.46,0.186755,0.0363252,0.848717,1.62714,0
ekf,10023,1,,15.23,0.0797393,0.115391,0.782073,3.21247,0
ekf,10024,1,,20.61,0.0654557,0.0323964,0.266911,2.02087,0
ekf,10025,1,,13.32,0.173577,0.166998,0.261246,2.55821,0
ekf,10026,1,,9.02,0.0618184,0.020596,0.373542,2.24334,0
ekf,10027,1,,20.66,0.161361,0.0537964,0.405531,1.65086,0
ekf,10028,1,,13.58,0.135072,0.0375545,0.494835,0.862703,0
ekf,10029,1,,15.59,0.103445,0.225233,0.273242,1.89327,0
ekf,10030,1,,14.17,0.1405,0.150131,0.388537,2.12849,0
ekf,10031,1,,17.39,0.0686029,0.0375514,0.315895,0.772344,0
ekf,10032,1,,18.16,0.107583,0.154306,0.347218,1.55922,0
ekf,10033,1,,15.57,0.184142,0.0980022,0.381206,0.89799,0
ekf,10034,1,,15.53,0.0485084,0.0344913,0.384872,2.47683,0
ekf,10035,1,,18.01,0.142814,0.0390355,0.306231,1.96202,0
ekf,10036,1,,14.34,0.17662,0.00399381,0.295901,1.56614,0
ekf,10037,1,,10.3,0.101072,0.0557051,0.279573,0.861529,0
ekf,10038,1,,21.87,0.117875,0.291913,0.263579,1.02154,0
ekf,10039,1,,14.8,0.0950187,0.0486515,0.274908,1.43193,0
ekf,10040,1,,17.34,0.110978,0.080208,0.276574,1.26831,0
ekf,10041,1,,16.49,0.0937816,0.0883995,0.372876,2.00096,0
ekf,10042,1,,9.13,0.0760207,0.1552,0.352882,1.72312,0
ekf,10043,1,,18.52,0.0388023,0.156553,0.271909,1.14211,0
ekf,10044,1,,8.96,0.0765572,0.15741,0.274575,0.978926,0
ekf,10045,1,,14.59,0.127092,0.227089,0.300233,1.55511,0
ekf,10046,1,,17.44,0.0633252,0.0300783,0.276908,2.6361,0
ekf,10047,1,,11.48,0.145378,0.186719,0.290903,2.20948,0
ekf,10048,1,,10.83,0.120371,0.0902008,0.375541,1.33198,0
ekf,10049,1,,15.61,0.064792,0.0117772,0.275242,1.4602,0
ekf,10050,1,,11.61,0.0800742,0.0487783,0.266245,1.83057,0
ekf,10051,1,,11.75,0.0759786,0.0688949,0.28857,2.60748,0
ekf,10052,1,,19.12,0.0693907,0.348205,0.32989,0.170626,0
ekf,10053,1,,14.3,0.0930833,0.0289236,0.513162,2.45296,0
ekf,10054,1,,14.34,0.200339,0.0351735,0.845718,1.14858,0
ekf,10055,1,,13.63,0.141024,0.0224779,0.475508,1.40223,0
ekf,10056,1,,16.4,0.0315755,0.0880832,0.270576,1.10173,0
ekf,10057,1,,14.94,0.108315,0.417305,0.286904,0.919816,0
ekf,10058,1,,17.03,0.0863535,0.0965916,0.276241,2.05132,0
ekf,10059,1,,9.17,0.15449,0.0298759,0.276908,2.36473,0
ekf,10060,1,,12.37,0.188446,0.0214862,0.344219,1.11592,0
ekf,10061,1,,12.92,0.0433688,0.0556629,0.77874,2.14026,0
ekf,10062,1,,13.06,0.159361,0.0186033,0.631456,0.367759,0
ekf,10063,1,,15.8,0.182574,0.0158562,0.861046,1.54811,0
ekf,10064,1,,12.19,0.0983648,0.0311802,0.667111,1.20736,0
ekf,10065,1,,19.2,0.0713831,0.00476401,0.406198,2.54424,0
ekf,10066,1,,15.59,0.0700375,0.158502,0.383872,2.2521,0
ekf,10067,1,,16.58,0.0325702,0.068613,0.364878,1.81662,0
ekf,10068,1,,19.38,0.0917506,0.165057,0.371543,0.554311,0
ekf,10069,1,,16.13,0.135874,0.0538847,0.376208,1.84325,0
ekf,10070,1,,20.41,0.032746,0.408577,0.545818,1.57849,0
ekf,10071,1,,15.46,0.0234722,0.2126,0.541153,1.61257,0
ekf,10072,1,,15.45,0.128373,0.0567451,0.351549,2.33842,0
ekf,10073,1,,10.29,0.0266803,0.0869037,0.33089,1.98574,0
ekf,10074,1,,17.34,0.0462008,0.188616,0.274908,1.51083,0
ekf,10075,1,,13.92,0.0423073,0.00194798,0.274242,2.29173,0
ekf,10076,1,,17.76,0.0696705,0.0473915,0.281906,1.86542,0
ekf,10077,1,,12.44,0.0158447,0.216858,0.337887,2.05258,0
ekf,10078,1,,15.7,0.0905894,0.0522383,0.486171,2.08151,0
ekf,10079,1,,16.83,0.138191,0.0591384,0.393535,1.50603,0
ekf,10080,1,,10.67,0.17525,0.00139453,0.263912,1.57333,0
ekf,10081,1,,12.53,0.0295076,0.00481411,0.280573,1.86935,0
ekf,10082,1,,15.03,0.0817977,0.0391158,0.296235,1.28117,0
ekf,10083,1,,12.43,0.150943,0.0108537,0.288904,1.65994,0
ekf,10084,1,,12.89,0.190229,0.000993005,0.27924,0.774365,0
ekf,10085,1,,14.08,0.0529166,0.386313,0.26991,1.71076,0
ekf,10086,1,,13.97,0.0424269,0.17849,0.274242,2.08831,0
ekf,10087,1,,11.27,0.130669,0.0238869,0.282572,2.42151,0
ekf,10088,1,,14.68,0.0750608,0.00495018,0.276574,1.26597,0
ekf,10089,1,,13.55,0.0925319,0.0112905,0.268244,1.87945,0
ekf,10090,1,,16.68,0.0730765,0.163579,0.271243,2.49764,0
ekf,10091,1,,11.87,0.143088,0.0915754,0.4985,1.06803,0
ekf,10092,1,,9.02,0.0986778,0.220596,0.441519,1.28211,0
ekf,10093,1,,16.92,0.0553508,0.0490385,0.319893,1.17869,0
ekf,10094,1,,16.52,0.160115,0.317342,0.261579,0.771678,0
ekf,10095,1,,18.24,0.0645574,0.0805484,0.284572,1.69189,0
ekf,10096,1,,19.26,0.170539,0.0588706,0.28024,1.41527,0
ekf,10097,1,,11.48,0.0818542,0.0228872,0.284239,2.10186,0
ekf,10098,1,,18.55,0.0884644,0.112629,0.278574,2.29634,0
ekf,10099,1,,11.62,0.171562,0.054015,0.43019,2.40565,0
ekf,10100,1,,19.98,0.115468,0.0855168,0.288904,1.69824,0
ekf,10101,1,,15.5,0.0981805,0.0412925,0.269244,1.44022,0
ekf,10102,1,,14.59,0.057311,0.138395,0.285238,1.6574,0
ekf,10103,1,,12.71,0.0798469,0.166679,0.264578,1.30112,0
ekf,10104,1,,21.79,0.044587,0.299057,0.266911,1.60957,0
ekf,10105,1,,15.72,0.146963,0.0607182,0.271909,1.04475,0
ekf,10106,1,,13.59,0.0751492,0.100989,0.304232,2.58979,0
ekf,10107,1,,10.91,0.0701462,0.160083,0.436188,1.63688,0
ekf,10108,1,,12.7,0.0434886,0.116686,0.348217,1.70139,0
ekf,10109,1,,16.76,0.0696862,0.0187915,0.306231,0.200714,0
ekf,10110,1,,13.76,0.0954418,0.0126197,0.279907,1.72406,0
ekf,10111,1,,12,0.0942102,0.0209044,0.313895,1.49697,0
ekf,10112,1,,12.94,0.164288,0.0724523,0.276241,1.06724,0
ekf,10113,1,,13.33,0.0685368,0.0701664,0.301899,0.884589,0
ekf,10114,1,,13.78,0.189982,0.0921955,0.752416,2.95297,0
ekf,10115,1,,20.08,0.0113895,0.0424898,0.562146,1.68752,0
ekf,10116,1,,10.59,0.0821087,0.219553,0.265911,2.12266,0
ekf,10117,1,,16.35,0.0250115,0.240171,0.260913,1.60426,0
ekf,10118,1,,12.12,0.180022,0.0961729,0.280906,1.07542,0
ekf,10119,1,,13.71,0.0692584,0.0871936,0.26891,1.22779,0
ekf,10120,1,,14.34,0.187784,0.0215363,0.274908,1.23868,0
ekf,10121,1,,12.82,0.0943151,0.0737407,0.289903,1.96871,0
ekf,10122,1,,14.49,0.00557847,0.17521,0.274242,2.30716,0
ekf,10123,1,,14.93,0.086841,0.252294,0.271576,1.79139,0
ekf,10124,1,,14.23,0.0835193,0.163575,0.26058,1.58648,0
ekf,10125,1,,12.91,0.0453678,0.00307523,0.271576,1.25187,0
ekf,10126,1,,20.18,0.0372896,0.00568644,0.271576,2.64991,0
ekf,10127,1,,11.15,0.093413,0.0603308,0.275908,2.897,0
ekf,10128,1,,11.9,0.0303211,0.0528556,0.275575,1.61485,0
ekf,10129,1,,16.2,0.0493097,0.0601895,0.27924,2.22441,0
ekf,10130,1,,10.98,0.0982162,0.00393508,0.308564,1.98486,0
ekf,10131,1,,8.17,0.176429,0.00750271,0.335222,1.92161,0
ekf,10132,1,,14.34,0.047357,0.0142757,0.325225,1.46229,0
ekf,10133,1,,19.64,0.0784751,0.241061,0.297901,1.79636,0
ekf,10134,1,,18.54,0.0513409,0.0902808,0.261579,1.55588,0
ekf,10135,1,,19,0.0188396,0.0534973,0.274908,1.63574,0
ekf,10136,1,,9.03,0.0586061,0.0888401,0.275908,2.19724,0
ekf,10137,1,,11.53,0.0858951,0.153842,0.273575,2.05809,0
ekf,10138,1,,11.86,0.081367,0.0882765,0.290237,2.23686,0
ekf,10139,1,,13.89,0.125255,0.147219,0.286571,2.29133,0
ekf,10140,1,,10,0.0994492,0.0698693,0.311563,2.76151,0
ekf,10141,1,,19.64,0.0655506,0.0171467,0.305898,2.32081,0
ekf,10142,1,,12.26,0.0484543,0.0360694,0.276574,1.18241,0
ekf,10143,1,,12.26,0.0540062,0.00195189,0.272243,1.52956,0
ekf,10144,1,,9.52,0.167584,0.00591578,0.297901,1.37826,0
ekf,10145,1,,17.55,0.0932426,0.0096587,0.269577,2.87792,0
ekf,10146,1,,8.54,0.0172061,0.0479017,0.259913,2.41762,0
ekf,10147,1,,13.06,0.168575,0.0195583,0.26991,1.8609,0
ekf,10148,1,,9.4,0.0823442,0.0340162,0.51083,1.30983,0
ekf,10149,1,,12.85,0.0436464,0.0267438,0.365878,1.72437,0
ekf,10150,1,,18.79,0.121273,0.0167305,0.372542,1.33026,0
ekf,10151,1,,13.95,0.160048,0.0263114,0.365878,1.67211,0
ekf,10152,1,,13.37,0.129984,0.0842661,0.430523,2.07988,0
ekf,10153,1,,12.29,0.0274405,0.0661925,0.371543,1.21622,0
ekf,10154,1,,16.95,0.0460238,0.149275,0.541819,1.11294,0
ekf,10155,1,,10.92,0.103387,0.163966,0.77041,1.17563,0
ekf,10156,1,,10.27,0.150923,0.0707738,0.444518,2.17298,0
ekf,10157,1,,13.17,0.0745871,0.0114746,0.406198,1.52606,0
ekf,10158,1,,13.99,0.0813937,0.0426339,0.37121,2.27477,0
ekf,10159,1,,8.52,0.045047,0.0617565,0.334222,2.65681,0
ekf,10160,1,,13.8,0.160254,0.0251041,0.388204,3.65199,0
ekf,10161,1,,19.9,0.0768859,0.0121862,0.364212,1.89231,0
ekf,10162,1,,10.94,0.109874,0.105654,0.673775,1.49036,0
ekf,10163,1,,14.11,0.0785964,0.0730462,0.286904,1.29184,0
ekf,10164,1,,20.68,0.135199,0.0509078,0.303899,1.35895,0
ekf,10165,1,,15.97,0.170504,0.102397,0.274242,1.36506,0
ekf,10166,1,,10.95,0.0701259,0.0888819,0.279573,1.99138,0
ekf,10167,1,,13.82,0.159172,0.010704,0.274242,0.786583,0
ekf,10168,1,,13.24,0.0261456,0.0761924,0.283572,1.10559,0
ekf,10169,1,,16.45,0.104655,0.0328833,0.281906,1.77503,0
ekf,10170,1,,10.96,0.0782652,0.271916,0.262579,2.05888,0
ekf,10171,1,,13.61,0.0438007,0.0822856,0.33922,1.80193,0
ekf,10172,1,,17.12,0.0180086,0.245573,0.357214,1.04738,0
ekf,10173,1,,14.07,0.0640631,0.0741116,0.284239,2.66262,0
ekf,10174,1,,10.5,0.0744297,0.00773892,0.27091,1.68573,0
ekf,10175,1,,15.56,0.139943,0.00386367,0.278574,2.40182,0
ekf,10176,1,,16.88,0.0344247,0.014979,0.270243,1.29793,0
ekf,10177,1,,14.58,0.0924924,0.00686533,0.28024,1.46221,0
ekf,10178,1,,8.24,0.0758039,0.0793227,0.270243,2.32369,0
ekf,10179,1,,13.1,0.0734551,0.0122442,0.275908,2.12224,0
ekf,10180,1,,19.17,0.182629,0.0133034,0.263912,1.265,0
ekf,10181,1,,23.23,0.10767,0.035697,0.277907,1.99405,0
ekf,10182,1,,18.74,0.144224,0.0113939,0.281573,1.87912,0
ekf,10183,1,,18.52,0.150342,0.0783206,0.287571,1.97971,0
ekf,10184,1,,18.38,0.120671,0.042249,0.287238,1.72688,0
ekf,10185,1,,18.03,0.121699,0.224716,0.268244,1.17504,0
ekf,10186,1,,13.1,0.118284,0.0991595,0.28124,1.63304,0
ekf,10187,1,,15.45,0.0316829,0.115046,0.274242,2.34293,0
ekf,10188,1,,17.04,0.0585432,0.0236798,0.274575,1.69268,0
ekf,10189,1,,18.89,0.0241235,0.137893,0.265578,2.32261,0
ekf,10190,1,,12.39,0.0987635,0.0070692,0.283905,1.22824,0
ekf,10191,1,,18.76,0.0793759,0.0130378,0.27091,1.19992,0
ekf,10192,1,,16.31,0.0786924,0.0751533,0.272243,2.15661,0
ekf,10193,1,,19.99,0.055092,0.335882,0.422859,1.14127,0
ekf,10194,1,,12.59,0.212316,0.0762455,0.278574,1.58866,0
ekf,10195,1,,13.03,0.0992671,0.0271858,0.274575,1.2154,0
ekf,10196,1,,12.89,0.0873372,0.0254397,0.271243,1.13414,0
ekf,10197,1,,10.9,0.205403,0.0201864,0.271909,0.960887,0
ekf,10198,1,,12.39,0.0972477,0.0151965,0.274908,0.719754,0
ekf,10199,1,,14.49,0.0210804,0.0682254,0.274575,2.1946,0
endpoint_only,10000,1,,13,0.019125,0.0711634,0.815062,2.05349,0
endpoint_only,10001,1,,28.59,0.046081,0.102866,1.13096,1.22158,0
endpoint_only,10002,1,,132.87,4.28865,0.0510872,0.862379,0.338568,0
endpoint_only,10003,1,,9.94,0.195288,0.0578626,0.365878,1.38512,0
endpoint_only,10004,1,,18.5,0.137064,0.0415512,0.406198,1.27155,0
endpoint_only,10005,1,,12.88,0.0671963,0.0769274,0.408197,1.38167,0
endpoint_only,10006,1,,23.23,0.0387416,0.111885,0.43019,1.74948,0
endpoint_only,10007,1,,18.32,0.0498257,0.0777725,0.340553,0.595363,0
endpoint_only,10008,1,,23.26,0.104219,0.100184,0.428857,1.4979,0
endpoint_only,10009,1,,21.24,0.102059,0.0256712,0.446185,2.13094,0
endpoint_only,10010,1,,80.84,0.0190735,0.156998,0.418194,3.16936,0
endpoint_only,10011,1,,34.68,0.0783043,0.0642626,0.464845,0.836796,0
endpoint_only,10012,1,,19.43,0.0987399,0.0531824,0.344885,0.029993,0
endpoint_only,10013,1,,52.25,0.0954775,0.0997529,0.345885,2.12344,0
endpoint_only,10014,1,,86.11,0.011692,0.373735,0.335222,0.470229,0
endpoint_only,10015,1,,47.18,0.0715299,0.00916883,0.347218,1.49292,0
endpoint_only,10016,1,,10.23,0.0428922,0.136946,0.358547,1.86692,0
endpoint_only,10017,1,,110.96,0.146026,0.310596,0.37021,3.72592,0
endpoint_only,10018,1,,20.88,0.0640564,0.0799429,0.741753,0.607396,0
endpoint_only,10019,1,,20.06,0.0346205,0.083554,0.334555,1.19325,0
endpoint_only,10020,1,,28.14,0.0773731,0.0519274,0.331889,1.23972,0
endpoint_only,10021,1,,18.59,0.157175,0.0469521,0.339887,0.817377,0
endpoint_only,10022,1,,8.45,0.0608922,0.00157565,0.520826,1.55776,0
endpoint_only,10023,1,,28.67,0.0689971,0.216208,0.437854,0.920884,0
endpoint_only,10024,1,,26.25,0.0556089,0.0945638,0.441519,1.70957,0
endpoint_only,10025,1,,53.01,0.0882813,0.133179,0.331889,2.18629,0
endpoint_only,10026,1,,18.68,0.0806892,0.0453984,0.386538,2.5553,0
endpoint_only,10027,1,,23.17,0.0638327,0.0283448,0.347884,1.73073,0
endpoint_only,10028,1,,14.78,0.0529113,0.0736598,0.34855,1.03093,0
endpoint_only,10029,1,,27.68,0.0187973,0.00589534,0.353882,2.07875,0
endpoint_only,10030,1,,25.67,0.0460593,0.0652122,0.337221,2.0745,0
endpoint_only,10031,1,,55.31,0.0508456,0.146719,0.342886,1.17865,0
endpoint_only,10032,1,,43.11,0.00738175,0.0391788,0.461846,1.47736,0
endpoint_only,10033,1,,69.68,0.176225,0.149888,0.341553,1.41547,0
endpoint_only,10034,1,,55.83,0.0498482,0.223009,0.344219,2.11356,0
endpoint_only,10035,1,,18.78,0.0512585,0.02046,0.338887,1.89794,0
endpoint_only,10036,1,,37,0.0976815,0.19571,0.344219,0.542998,0
endpoint_only,10037,1,,81.7,0.0915071,0.0170822,0.971343,0.399037,0
endpoint_only,10038,1,,42.24,0.0847484,0.129591,0.740087,0.802641,0
endpoint_only,10039,1,,27.74,0.0913745,0.00231611,0.54915,1.37111,0
endpoint_only,10040,1,,30.02,0.0477459,0.0467671,0.341553,1.55268,0
endpoint_only,10041,1,,17.53,0.0664528,0.0390569,0.350217,2.07861,0
endpoint_only,10042,1,,60.74,0.0691335,0.103184,0.340553,1.02822,0
endpoint_only,10043,1,,22.93,0.0450061,0.103358,0.399867,0.465941,0
endpoint_only,10044,1,,55.38,0.0433401,0.0914688,0.406198,1.06458,0
endpoint_only,10045,1,,15.45,0.0694206,0.0189311,0.339553,1.89322,0
endpoint_only,10046,1,,102.75,0.0300312,0.0559176,0.376874,0.573669,0
endpoint_only,10047,1,,20.87,0.139612,0.195893,0.443186,2.11464,0
endpoint_only,10048,1,,33.94,0.0104435,0.0404207,0.813396,1.22331,0
endpoint_only,10049,1,,25.87,0.171472,0.00777975,0.678107,1.41121,0
endpoint_only,10050,1,,11.28,0.141028,0.000507482,0.563479,1.81109,0
endpoint_only,10051,1,,64,0.0770032,0.174421,0.350883,0.62569,0
endpoint_only,10052,1,,130.27,3.06381,0.014481,0.516495,0.677831,0
endpoint_only,10053,1,,92.38,0.0299587,0.0139872,0.4002,2.13297,0
endpoint_only,10054,0,hold_broken,140.52,6.55534,0.133441,0.484505,2.59363,0
endpoint_only,10055,1,,16.32,0.0571909,0.0688733,0.414195,1.46788,0
endpoint_only,10056,0,no_reach,-1,12.7768,0.0236119,0.405531,0.991188,0
endpoint_only,10057,1,,113.07,0.0669532,0.269038,0.427524,0.537566,0
endpoint_only,10058,1,,101.15,0.0782157,0.0761184,0.448184,0.289562,0
endpoint_only,10059,1,,50.34,0.165633,0.0678007,0.357214,1.55656,0
endpoint_only,10060,1,,29.57,0.20269,0.0645136,0.337887,1.37116,0
endpoint_only,10061,1,,23.99,0.0455611,0.148239,0.445185,1.77329,0
endpoint_only,10062,1,,55.64,0.0541591,0.0289708,0.464845,0.205109,0
endpoint_only,10063,1,,17.38,0.0496569,0.0290987,0.340886,1.54249,0
endpoint_only,10064,1,,12.75,0.0787572,0.111037,0.343219,1.08085,0
endpoint_only,10065,1,,38.92,0.0532172,0.0636115,0.336554,2.0272,0
endpoint_only,10066,1,,16.17,0.0584521,0.154156,0.339553,2.19686,0
endpoint_only,10067,1,,18.99,0.0250318,0.0523621,0.336554,1.15985,0
endpoint_only,10068,1,,85.24,0.0401626,0.0206342,0.41053,2.6671,0
endpoint_only,10069,1,,20.92,0.070363,0.042282,0.393535,1.16608,0
endpoint_only,10070,1,,56.58,0.100334,0.0457968,0.500167,0.784715,0
endpoint_only,10071,1,,98.13,0.0839845,0.221912,0.35888,1.70854,0
endpoint_only,10072,1,,25.92,0.0594423,0.217755,0.341553,1.51796,0
endpoint_only,10073,1,,124.55,0.708797,0.146073,0.325225,0.614355,0
endpoint_only,10074,1,,31.96,0.0584591,0.0760074,0.418527,0.272743,0
endpoint_only,10075,1,,15.61,0.0817883,0.0129251,0.391536,2.08737,0
endpoint_only,10076,1,,40.48,0.0525448,0.0401311,0.364545,1.85802,0
endpoint_only,10077,1,,80.45,0.113997,0.0932884,0.362213,1.00151,0
endpoint_only,10078,1,,16.59,0.0963666,0.0484352,0.788737,1.70552,0
endpoint_only,10079,1,,19.22,0.114786,0.22449,0.385871,1.33967,0
endpoint_only,10080,1,,32.04,0.067676,0.240224,0.965678,1.13689,0
endpoint_only,10081,1,,82.65,0.0226928,0.0949101,0.433522,0.926208,0
endpoint_only,10082,1,,47.33,0.0888394,0.0948157,0.359547,1.40693,0
endpoint_only,10083,1,,14.23,0.0960416,0.0828947,0.431523,1.38534,0
endpoint_only,10084,1,,31.3,0.0742575,0.0428508,0.613129,0.971984,0
endpoint_only,10085,1,,38.17,0.0368783,0.130698,0.483172,1.71191,0
endpoint_only,10086,1,,77.3,0.0562033,0.162618,0.37021,1.84475,0
endpoint_only,10087,1,,39.45,0.0694015,0.270649,0.347218,1.70341,0
endpoint_only,10088,1,,16.87,0.0761868,0.0704781,0.349217,0.924469,0
endpoint_only,10089,1,,27.06,0.0656136,0.099688,0.343552,2.13856,0
endpoint_only,10090,1,,33.39,0.0455294,0.210942,0.43119,0.580467,0
endpoint_only,10091,1,,52.28,0.0359819,0.0936732,0.384872,1.08399,0
endpoint_only,10092,1,,9.92,0.0636123,0.12842,0.355215,1.42307,0
endpoint_only,10093,1,,19.79,0.075026,0.0755227,0.340886,1.2788,0
endpoint_only,10094,1,,83.99,0.0750166,0.0417699,0.351883,0.224403,0
endpoint_only,10095,1,,50.08,0.0883985,0.0958426,0.345551,2.50797,0
endpoint_only,10096,1,,26.14,0.168724,0.0611288,0.342552,1.47317,0
endpoint_only,10097,1,,24.68,0.0569335,0.0705204,0.765078,1.80736,0
endpoint_only,10098,1,,20.3,0.0192114,0.0181102,0.380873,2.37953,0
endpoint_only,10099,1,,54.21,0.14779,0.0031285,0.416861,2.23918,0
endpoint_only,10100,1,,18.14,0.102707,0.0790961,0.348217,1.83314,0
endpoint_only,10101,1,,36.12,0.0182073,0.0248254,0.342219,0.948756,0
endpoint_only,10102,1,,17.69,0.0464711,0.0889762,0.343552,1.05911,0
endpoint_only,10103,1,,19.6,0.0907962,0.0359841,0.337221,1.23637,0
endpoint_only,10104,1,,76.86,0.0763805,0.138602,0.411529,1.94281,0
endpoint_only,10105,1,,16.46,0.0199151,0.0523338,0.343219,1.31542,0
endpoint_only,10106,1,,18.89,0.125373,0.0337105,0.34855,2.46065,0
endpoint_only,10107,0,no_reach,-1,9.05076,0.416705,0.344552,1.24852,0
endpoint_only,10108,1,,28.89,0.0441301,0.184506,0.33922,1.41602,0
endpoint_only,10109,0,never_certified,-1,13.5406,1.75711,0.352882,1.07008,0
endpoint_only,10110,1,,19.88,0.0530913,0.075224,0.346218,0.640719,0
endpoint_only,10111,1,,14.9,0.151941,0.00945727,0.346218,1.42896,0
endpoint_only,10112,1,,24.45,0.114175,0.121651,0.343885,0.885564,0
endpoint_only,10113,1,,15.53,0.0933912,0.118617,0.333555,1.58183,0
endpoint_only,10114,1,,18.28,0.210051,0.0709953,0.342886,2.874,0
endpoint_only,10115,1,,57.21,0.0849317,0.0753318,0.341553,0.674158,0
endpoint_only,10116,1,,23.78,0.0615655,0.207453,0.82939,1.79362,0
endpoint_only,10117,1,,71.15,0.097502,0.0743467,0.81073,1.37468,0
endpoint_only,10118,1,,132.42,4.03823,0.10701,0.376541,0.489668,0
endpoint_only,10119,1,,24.18,0.0829698,0.0550255,0.392203,0.61291,0
endpoint_only,10120,1,,14.9,0.0455184,0.0380024,0.405531,1.05403,0
endpoint_only,10121,1,,13.81,0.070813,0.0573909,0.510497,1.93691,0
endpoint_only,10122,1,,15.97,0.0343723,0.00381964,0.367211,2.10547,0
endpoint_only,10123,0,no_reach,-1,8.90678,0.171507,0.385538,0.870409,0
endpoint_only,10124,1,,40.75,0.114534,0.0665996,0.469177,1.43688,0
endpoint_only,10125,1,,67.63,0.0587207,0.0937719,0.547151,0.622097,0
endpoint_only,10126,1,,112.52,0.112429,0.121981,0.358547,1.09438,0
endpoint_only,10127,1,,17.81,0.074904,0.027371,0.425192,2.81804,0
endpoint_only,10128,1,,16.71,0.00619348,0.0240793,0.33089,1.62698,0
endpoint_only,10129,1,,16.29,0.0836806,0.0464847,0.333889,2.16652,0
endpoint_only,10130,1,,97,0.0872844,0.0102786,0.406198,0.111347,0
endpoint_only,10131,1,,54.55,0.105031,0.0310605,0.392203,1.23596,0
endpoint_only,10132,1,,125.62,0.539002,0.294004,0.419194,1.65443,0
endpoint_only,10133,1,,24.31,0.0638985,0.0580856,0.416195,1.50564,0
endpoint_only,10134,1,,19.6,0.0296725,0.10442,0.855382,0.798569,0
endpoint_only,10135,1,,88.48,0.0887659,0.208177,1.11163,2.27283,0
endpoint_only,10136,1,,60.13,0.0684257,0.107459,0.452183,0.904718,0
endpoint_only,10137,1,,33.31,0.0391852,0.0608515,0.321226,1.69854,0
endpoint_only,10138,1,,20.19,0.101059,0.0279503,0.344552,1.97083,0
endpoint_only,10139,1,,127.93,2.02936,0.0466665,0.412862,0.73444,0
endpoint_only,10140,1,,15.91,0.0563032,0.0692714,0.502499,2.5298,0
endpoint_only,10141,1,,41,0.0505292,0.0954745,0.856048,1.23227,0
endpoint_only,10142,1,,16.18,0.0206374,0.0827009,0.493835,1.06673,0
endpoint_only,10143,1,,18.67,0.11322,0.106974,0.859713,1.28879,0
endpoint_only,10144,1,,34.48,0.138316,0.0681282,1.004,1.55307,0
endpoint_only,10145,1,,23.47,0.0368576,0.10253,0.369877,1.31425,0
endpoint_only,10146,1,,9.31,0.0844789,0.0641199,0.336888,2.32034,0
endpoint_only,10147,1,,21.67,0.0972999,0.035551,0.354882,1.91004,0
endpoint_only,10148,1,,13.88,0.0875124,0.0559741,0.345218,1.31722,0
endpoint_only,10149,1,,75.77,0.0552901,0.0429304,0.350883,1.57832,0
endpoint_only,10150,1,,34.11,0.0187002,0.0476934,0.354215,0.859382,0
endpoint_only,10151,1,,18.1,0.0372366,0.0496878,0.34122,1.63907,0
endpoint_only,10152,1,,50.01,0.0111278,0.101622,0.380873,2.16401,0
endpoint_only,10153,1,,35.45,0.00771195,0.131224,0.350217,0.524654,0
endpoint_only,10154,1,,17.36,0.0350545,0.0606104,0.343885,0.788159,0
endpoint_only,10155,1,,14.28,0.0608747,0.375862,0.372876,0.876972,0
endpoint_only,10156,1,,35.9,0.1028,0.0171349,0.725092,1.57264,0
endpoint_only,10157,1,,18.1,0.0321688,0.093089,0.663112,1.10882,0
endpoint_only,10158,1,,98.47,0.0555134,0.0563215,0.481506,2.22396,0
endpoint_only,10159,1,,34.36,0.0211916,0.234819,0.771743,1.30147,0
endpoint_only,10160,1,,15.29,0.0843474,0.0187429,0.616128,3.47047,0
endpoint_only,10161,0,no_reach,-1,14.3912,0.11947,1.05965,0.0533815,0
endpoint_only,10162,1,,12.12,0.099471,0.0724436,0.503832,1.70868,0
endpoint_only,10163,1,,21.88,0.0832466,0.0132264,0.358547,0.913984,0
endpoint_only,10164,1,,37.06,0.0839474,0.0951136,0.350217,2.51647,0
endpoint_only,10165,1,,21.05,0.133689,0.0784665,0.334555,1.47853,0
endpoint_only,10166,1,,38.56,0.0556624,0.0587387,0.335222,1.70102,0
endpoint_only,10167,1,,14.35,0.0625094,0.0420666,0.347551,0.693549,0
endpoint_only,10168,1,,29.38,0.0464604,0.0819679,0.571809,0.812757,0
endpoint_only,10169,1,,16.98,0.0993529,0.094292,0.344885,1.23535,0
endpoint_only,10170,1,,25.31,0.0520906,0.0354323,0.341886,1.26746,0
endpoint_only,10171,1,,14.83,0.0735867,0.00432595,0.338887,1.60273,0
endpoint_only,10172,1,,68.49,0.0693696,0.00891619,0.322559,1.26526,0
endpoint_only,10173,1,,16.62,0.0263159,0.0551803,0.351216,2.39015,0
endpoint_only,10174,1,,23.81,0.176284,0.110222,0.345218,2.2916,0
endpoint_only,10175,1,,17.71,0.0470398,0.139247,0.478507,1.76722,0
endpoint_only,10176,1,,22.6,0.0390039,0.0691334,1.06431,0.944236,0
endpoint_only,10177,1,,120.35,0.126162,0.175616,0.763412,1.22373,0
endpoint_only,10178,1,,11.87,0.0792082,0.118604,0.948351,2.28737,0
endpoint_only,10179,1,,25.24,0.0735762,0.0700697,0.867711,1.74591,0
endpoint_only,10180,1,,22.27,0.0677327,0.011287,1.08264,1.28636,0
endpoint_only,10181,1,,55.57,0.0126062,0.08038,0.898367,1.73135,0
endpoint_only,10182,1,,36.51,0.0322956,0.0374905,0.486171,1.48364,0
endpoint_only,10183,1,,27.89,0.121051,0.0486562,0.826058,1.96358,0
endpoint_only,10184,1,,24.37,0.0325565,0.0693832,0.658114,1.60686,0
endpoint_only,10185,1,,49.02,0.111576,0.0868843,0.332556,0.436431,0
endpoint_only,10186,1,,50.98,0.0147356,0.149139,0.37121,0.751468,0
endpoint_only,10187,1,,95.03,0.0887989,0.0074697,0.630457,1.17695,0
endpoint_only,10188,1,,17.38,0.088997,0.0628468,0.976341,1.50932,0
endpoint_only,10189,1,,44.28,0.0892576,0.0539079,0.367877,1.14331,0
endpoint_only,10190,1,,13.75,0.124139,0.0180632,0.427524,1.29025,0
endpoint_only,10191,1,,58.95,0.0628907,0.0274496,0.331556,0.636067,0
endpoint_only,10192,1,,72.54,0.0158636,0.164838,0.324225,3.37906,0
endpoint_only,10193,1,,23.79,0.0571273,0.110109,0.44052,1.8497,0
endpoint_only,10194,1,,14.97,0.19417,0.116157,0.33089,1.47749,0
endpoint_only,10195,1,,87.32,0.118835,0.0328163,0.347218,1.40497,0
endpoint_only,10196,1,,83.06,0.180981,0.0134833,0.336554,0.844045,0
endpoint_only,10197,1,,11.47,0.0593664,0.0457448,0.333889,1.04062,0
endpoint_only,10198,1,,67.12,0.0785239,0.0813764,0.347218,1.22863,0
endpoint_only,10199,1,,32.5,0.0357012,0.0657253,0.522493,0.651962,0
fixed_decay_exc,10000,1,,11.61,0.129111,0.0664196,9.4945,2.12302,0
fixed_decay_exc,10001,1,,8.29,0.0563166,0.0556625,8.12596,1.88272,0
fixed_decay_exc,10002,1,,13.37,0.00344877,0.0221542,7.86038,0.740819,0
fixed_decay_exc,10003,1,,8.98,0.180766,0.0594838,7.73242,1.34436,0
fixed_decay_exc,10004,1,,17.34,0.0575387,0.00588291,8.31223,1.40413,0
fixed_decay_exc,10005,1,,11.91,0.139746,0.0422755,7.84972,1.18593,0
fixed_decay_exc,10006,1,,9.87,0.0933291,0.045421,9.43452,1.79369,0
fixed_decay_exc,10007,1,,15.69,0.0883514,0.0323823,7.70843,2.50577,0
fixed_decay_exc,10008,1,,18.56,0.0737571,0.017234,8.70843,1.29015,0
fixed_decay_exc,10009,1,,18.09,0.0923249,0.0407752,18.9543,2.35392,0
fixed_decay_exc,10010,1,,17.75,0.0340197,0.0847553,13.7111,2.1829,0
fixed_decay_exc,10011,1,,9.54,0.0871726,0.057866,15.8014,0.945618,0
fixed_decay_exc,10012,1,,15.17,0.0605252,0.0249709,9.51949,0.263645,0
fixed_decay_exc,10013,1,,7.7,0.0681606,0.0350117,12.3046,1.94128,0
fixed_decay_exc,10014,1,,11.8,0.0129588,0.00190382,11.066,1.54527,0
fixed_decay_exc,10015,1,,15.17,0.047075,0.0764877,13.0077,1.2392,0
fixed_decay_exc,10016,1,,9.67,0.113514,0.0205676,11.7527,2.08679,0
fixed_decay_exc,10017,1,,20.51,0.109196,0.110895,9.57814,1.99698,0
fixed_decay_exc,10018,1,,17.32,0.0996289,0.0118071,8.48984,1.23955,0
fixed_decay_exc,10019,1,,17.78,0.0589693,0.0129564,8.26258,1.50647,0
fixed_decay_exc,10020,1,,18.54,0.0639377,0.0348781,7.63912,1.14929,0
fixed_decay_exc,10021,1,,16.74,0.07388,0.011728,7.68877,0.896225,0
fixed_decay_exc,10022,1,,7.97,0.0558995,0.0216399,8.30257,1.59578,0
fixed_decay_exc,10023,1,,15.6,0.076102,0.0178993,7.992,1.1412,0
fixed_decay_exc,10024,1,,20.21,0.0587435,0.0304356,8.25825,2.04488,0
fixed_decay_exc,10025,1,,13.01,0.0902073,0.0272353,15.8487,2.16298,0
fixed_decay_exc,10026,1,,9.24,0.0649736,0.0452923,8.86471,2.27492,0
fixed_decay_exc,10027,1,,20.53,0.148476,0.0511661,8.99633,1.75105,0
fixed_decay_exc,10028,1,,12.33,0.0525337,0.0731946,8.93502,0.88594,0
fixed_decay_exc,10029,1,,13.21,0.0425176,0.0048018,7.81873,1.711,0
fixed_decay_exc,10030,1,,12.72,0.0793431,0.0462798,8.49284,1.99584,0
fixed_decay_exc,10031,1,,17.19,0.0681129,0.022782,8.66345,0.19581,0
fixed_decay_exc,10032,1,,17.76,0.0799369,0.0486202,7.78574,1.71322,0
fixed_decay_exc,10033,1,,15.23,0.0631575,0.0167193,7.76441,0.958966,0
fixed_decay_exc,10034,1,,16.04,0.0586663,0.0631517,8.32822,0.384295,0
fixed_decay_exc,10035,1,,15.83,0.0314293,0.00020674,9.35788,2.01745,0
fixed_decay_exc,10036,1,,14.4,0.0649009,0.0535199,8.15828,0.629287,0
fixed_decay_exc,10037,1,,10.26,0.0736895,0.0401631,8.45818,0.891653,0
fixed_decay_exc,10038,1,,21.61,0.065389,0.0139335,11.7491,0.133799,0
fixed_decay_exc,10039,1,,14.67,0.0603606,0.0174135,7.81806,1.29831,0
fixed_decay_exc,10040,1,,17.39,0.0646878,0.00204263,7.86504,1.18362,0
fixed_decay_exc,10041,1,,17.47,0.0276801,0.0343533,8.28857,1.98476,0
fixed_decay_exc,10042,1,,9,0.057346,0.00884524,7.88071,1.63344,0
fixed_decay_exc,10043,1,,18.33,0.0935207,0.0156451,8.33922,1.10651,0
fixed_decay_exc,10044,1,,10.92,0.12016,0.0410253,9.3099,1.10453,0
fixed_decay_exc,10045,1,,13.93,0.0414948,0.0239341,13.024,1.52841,0
fixed_decay_exc,10046,1,,20.84,0.0580673,0.0702138,22.2726,1.80059,0
fixed_decay_exc,10047,1,,10.42,0.0659132,0.0118536,13.2529,2.24472,0
fixed_decay_exc,10048,1,,10.56,0.0290309,0.0360491,8.42652,1.25123,0
fixed_decay_exc,10049,1,,15.41,0.0867106,0.0190356,8.39187,1.4533,0
fixed_decay_exc,10050,1,,9.37,0.117314,0.0296949,12.6021,1.83128,0
fixed_decay_exc,10051,1,,11.7,0.0242292,0.0221277,7.77474,1.68336,0
fixed_decay_exc,10052,1,,14.45,0.0864753,0.0985941,8.17061,1.05748,0
fixed_decay_exc,10053,1,,17.49,0.0653934,0.00393345,9.10663,2.46671,0
fixed_decay_exc,10054,1,,13.46,0.0811848,0.0484229,15.2852,1.09611,0
fixed_decay_exc,10055,1,,13.32,0.0289995,0.0570985,9.9117,1.57977,0
fixed_decay_exc,10056,1,,16.48,0.0784025,0.00900995,19.6381,0.929707,0
fixed_decay_exc,10057,1,,12.78,0.0233624,0.0580908,16.14,1.16913,0
fixed_decay_exc,10058,1,,16.89,0.0487631,0.0418965,9.09863,0.160253,0
fixed_decay_exc,10059,1,,8.94,0.153628,0.0696185,8.46818,2.35537,0
fixed_decay_exc,10060,1,,12.58,0.0796253,0.00618176,8.58514,1.06193,0
fixed_decay_exc,10061,1,,13.24,0.0707152,0.014076,10.961,0.783002,0
fixed_decay_exc,10062,1,,13.04,0.0470994,0.0469993,7.7954,0.274476,0
fixed_decay_exc,10063,1,,14.89,0.0684461,0.0211991,8.74675,1.53518,0
fixed_decay_exc,10064,1,,12.13,0.0330162,0.0151,7.71909,1.02283,0
fixed_decay_exc,10065,1,,19.21,0.162845,0.0384173,10.8564,2.37136,0
fixed_decay_exc,10066,1,,14.33,0.158784,0.07265,12.4075,2.58474,0
fixed_decay_exc,10067,1,,16.28,0.0431831,0.055971,16.2453,1.39943,0
fixed_decay_exc,10068,1,,19.75,0.0515377,0.0508085,12.6724,1.51684,0
fixed_decay_exc,10069,1,,17.1,0.0206404,0.0453382,10.7488,2.24701,0
fixed_decay_exc,10070,1,,18.47,0.0332376,0.029686,9.06931,1.77813,0
fixed_decay_exc,10071,1,,14.34,0.0769493,0.0356476,8.19693,1.62319,0
fixed_decay_exc,10072,1,,15.44,0.0739866,0.0663147,10.1896,1.19908,0
fixed_decay_exc,10073,1,,10.61,0.0638736,0.0325033,7.67544,0.486189,0
fixed_decay_exc,10074,1,,16.56,0.048738,0.0370225,8.66145,1.25535,0
fixed_decay_exc,10075,1,,13.58,0.155837,0.0140085,13.6061,2.27632,0
fixed_decay_exc,10076,1,,17.82,0.0318013,0.00152518,10.9607,1.84593,0
fixed_decay_exc,10077,1,,12.05,0.0455167,0.0466876,8.76708,1.94169,0
fixed_decay_exc,10078,1,,15.79,0.0486227,0.116513,13.5095,1.39245,0
fixed_decay_exc,10079,1,,17.13,0.0858415,0.0134118,10.3439,1.08084,0
fixed_decay_exc,10080,1,,10.62,0.0235077,0.0135662,9.36654,1.37789,0
fixed_decay_exc,10081,1,,13,0.0550266,0.0696185,8.34089,0.56692,0
fixed_decay_exc,10082,1,,14.2,0.109786,0.0392232,8.18594,1.30339,0
fixed_decay_exc,10083,1,,12.37,0.0432661,0.0904173,10.925,1.59445,0
fixed_decay_exc,10084,1,,12.87,0.186993,0.00815744,8.9027,0.758397,0
fixed_decay_exc,10085,1,,12.72,0.016928,0.00163394,7.98134,2.05277,0
fixed_decay_exc,10086,1,,15.85,0.0224953,0.0932506,7.84472,1.57502,0
fixed_decay_exc,10087,1,,10.06,0.0488673,0.0554036,10.1713,2.45902,0
fixed_decay_exc,10088,1,,14.75,0.0605759,0.0362136,13.3272,1.00577,0
fixed_decay_exc,10089,1,,13.88,0.0671549,0.0583187,8.8034,0.345549,0
fixed_decay_exc,10090,1,,16.19,0.0602004,0.0210585,18.2849,0.702499,0
fixed_decay_exc,10091,1,,11.85,0.0204641,0.0423987,18.4628,1.20832,0
fixed_decay_exc,10092,1,,8.35,0.132033,0.001027,8.91136,1.48365,0
fixed_decay_exc,10093,1,,16.34,0.042845,0.0393553,8.80107,1.23029,0
fixed_decay_exc,10094,1,,15.5,0.0523039,0.104608,7.83472,0.942778,0
fixed_decay_exc,10095,1,,17.91,0.0785504,0.000393796,7.8897,1.14396,0
fixed_decay_exc,10096,1,,19.08,0.0841199,0.0102993,8,1.66421,0
fixed_decay_exc,10097,1,,11.4,0.0684743,0.0119058,12.7131,2.0656,0
fixed_decay_exc,10098,1,,17.65,0.0512953,0.0490505,13.8171,2.09703,0
fixed_decay_exc,10099,1,,11.45,0.186803,0.0890867,14.6774,1.95931,0
fixed_decay_exc,10100,1,,19.91,0.10883,0.0669815,7.90936,1.98278,0
fixed_decay_exc,10101,1,,15.43,0.0389267,0.0919963,7.92103,0.557304,0
fixed_decay_exc,10102,1,,14.4,0.0588422,0.0404986,9.63645,1.50959,0
fixed_decay_exc,10103,1,,11.74,0.032178,0.0365995,7.80673,1.55697,0
fixed_decay_exc,10104,1,,21.04,0.0895986,0.0842925,9.32722,0.594924,0
fixed_decay_exc,10105,1,,15.06,0.0523371,0.0913955,14.1606,1.0028,0
fixed_decay_exc,10106,1,,13.36,0.0598032,0.0806268,18.5022,2.33193,0
fixed_decay_exc,10107,1,,11.49,0.0579676,0.112992,11.0297,0.301995,0
fixed_decay_exc,10108,1,,12.87,0.0769815,0.048116,8.28324,1.3358,0
fixed_decay_exc,10109,1,,17.13,0.0598257,0.0031514,9.19194,0.578639,0
fixed_decay_exc,10110,1,,14.31,0.0359088,0.0259552,11.027,0.875523,0
fixed_decay_exc,10111,1,,11.19,0.127689,0.0422994,8.07364,1.55507,0
fixed_decay_exc,10112,1,,13.11,0.169397,0.00752621,7.72243,1.13238,0
fixed_decay_exc,10113,1,,12.98,0.0501256,0.0713685,11.2696,1.90875,0
fixed_decay_exc,10114,1,,13.81,0.108045,0.0594746,11.1779,3.03586,0
fixed_decay_exc,10115,1,,20.07,0.0409379,0.0595678,8.6098,1.75708,0
fixed_decay_exc,10116,1,,9.98,0.0682644,0.00473892,18.0686,1.8046,0
fixed_decay_exc,10117,1,,16.1,0.069373,0.0428045,8.03665,0.219859,0
fixed_decay_exc,10118,1,,10.78,0.0954595,0.0198652,11.1216,1.3383,0
fixed_decay_exc,10119,1,,13.22,0.1533,0.0029725,7.81606,0.766211,0
fixed_decay_exc,10120,1,,14.44,0.0443417,0.0454165,7.73276,0.677222,0
fixed_decay_exc,10121,1,,13.61,0.050465,0.00697906,7.74508,2.04139,0
fixed_decay_exc,10122,1,,14.14,0.0357302,0.0288166,11.4332,2.10589,0
fixed_decay_exc,10123,1,,13.9,0.0922703,0.0386985,8.51383,2.22499,0
fixed_decay_exc,10124,1,,16.7,0.127366,0.0519872,9.17761,0.525532,0
fixed_decay_exc,10125,1,,12.6,0.0627386,0.0372761,15.9144,1.33495,0
fixed_decay_exc,10126,1,,20.06,0.0328651,0.0470398,11.0477,2.62001,0
fixed_decay_exc,10127,1,,9.55,0.0692247,0.0357046,10.8784,2.88922,0
fixed_decay_exc,10128,1,,11.31,0.0160715,0.0672816,8.23492,1.57511,0
fixed_decay_exc,10129,1,,15.92,0.0858458,0.0255042,7.6941,2.21717,0
fixed_decay_exc,10130,1,,13.29,0.0579342,0.00161003,9.91603,1.82572,0
fixed_decay_exc,10131,1,,8.18,0.0997003,0.0266397,8.07331,1.82502,0
fixed_decay_exc,10132,1,,16.73,0.103826,0.0201687,12.3575,0.586014,0
fixed_decay_exc,10133,1,,18.29,0.0744847,0.0609536,8.41519,1.73884,0
fixed_decay_exc,10134,1,,18.55,0.0728278,0.0128158,8.75008,0.846416,0
fixed_decay_exc,10135,1,,18.83,0.0980316,0.00651353,21.0913,1.22329,0
fixed_decay_exc,10136,1,,9.02,0.0755594,0.0806042,11.7044,2.21827,0
fixed_decay_exc,10137,1,,12.35,0.0509246,0.0568127,13.2233,2.33673,0
fixed_decay_exc,10138,1,,11.85,0.0830311,0.0450364,13.7777,2.37365,0
fixed_decay_exc,10139,1,,13.43,0.0270989,0.062384,11.6451,2.67816,0
fixed_decay_exc,10140,1,,11.01,0.0435014,0.0310794,11.3339,2.29597,0
fixed_decay_exc,10141,1,,19.83,0.0616537,0.0216775,10.6115,0.786689,0
fixed_decay_exc,10142,1,,12.54,0.0417039,0.000849022,16.7831,1.23891,0
fixed_decay_exc,10143,1,,12.14,0.0571625,0.0297416,11.7181,1.54948,0
fixed_decay_exc,10144,1,,9.09,0.0753451,0.0154271,16.8927,1.4802,0
fixed_decay_exc,10145,1,,17.3,0.0871134,0.0128741,12.6338,1.85014,0
fixed_decay_exc,10146,1,,8.46,0.0793158,0.00654946,13.5918,2.38808,0
fixed_decay_exc,10147,1,,12.74,0.156288,0.0269564,20.3252,1.87605,0
fixed_decay_exc,10148,1,,9.15,0.0835437,0.0694542,9.17927,1.30056,0
fixed_decay_exc,10149,1,,12.86,0.0723539,0.0244472,10.085,0.565609,0
fixed_decay_exc,10150,1,,19.96,0.0560691,0.0179427,14.8614,1.5986,0
fixed_decay_exc,10151,1,,14.01,0.0307693,0.045065,12.4985,0.903257,0
fixed_decay_exc,10152,1,,13.95,0.0337884,0.0441665,8.49817,1.1061,0
fixed_decay_exc,10153,1,,12.26,0.0318096,0.0303541,8.36021,1.39498,0
fixed_decay_exc,10154,1,,16.6,0.0618299,0.0238351,9.59847,0.600572,0
fixed_decay_exc,10155,1,,12.27,0.0593734,0.102549,9.15195,1.03406,0
fixed_decay_exc,10156,1,,12.73,0.109717,0.0574656,10.9494,2.06095,0
fixed_decay_exc,10157,1,,13.18,0.0751468,0.0167733,11.6858,1.37599,0
fixed_decay_exc,10158,1,,14.28,0.0405646,0.00895045,7.76641,2.22415,0
fixed_decay_exc,10159,1,,8.72,0.0161537,0.00763607,13.4189,2.6892,0
fixed_decay_exc,10160,1,,13.19,0.0845741,0.05284,9.16028,3.67801,0
fixed_decay_exc,10161,1,,19.54,0.0603127,0.0657604,7.95835,0.503252,0
fixed_decay_exc,10162,1,,11.16,0.0162557,0.0571415,8.27358,1.74098,0
fixed_decay_exc,10163,1,,13.79,0.0569215,0.00709284,8.02233,1.30875,0
fixed_decay_exc,10164,1,,20.43,0.0790765,0.043517,10.6078,1.92201,0
fixed_decay_exc,10165,1,,15.5,0.148298,0.0814588,11.6804,1.24962,0
fixed_decay_exc,10166,1,,11.49,0.0625417,0.0956835,10.9633,0.716068,0
fixed_decay_exc,10167,1,,13.8,0.0352943,0.00825588,10.002,0.689381,0
fixed_decay_exc,10168,1,,13.17,0.0404815,0.0461562,13.6641,1.49519,0
fixed_decay_exc,10169,1,,16.14,0.0235973,0.034962,8.61846,2.29513,0
fixed_decay_exc,10170,1,,12.45,0.0549235,0.057418,8.82706,1.13099,0
fixed_decay_exc,10171,1,,13.07,0.0957231,0.0444469,13.9777,1.88308,0
fixed_decay_exc,10172,1,,17.77,0.0282319,0.0376036,10.7837,0.559429,0
fixed_decay_exc,10173,1,,14.24,0.0181624,0.0534049,9.14995,2.43696,0
fixed_decay_exc,10174,1,,9.78,0.0598144,0.0298451,11.9294,1.69769,0
fixed_decay_exc,10175,1,,15.17,0.00327583,0.0242442,11.8717,2.70147,0
fixed_decay_exc,10176,1,,17.16,0.0370055,0.0417245,8.73342,1.28009,0
fixed_decay_exc,10177,1,,14.1,0.0485189,0.0124503,10.5312,1.45837,0
fixed_decay_exc,10178,1,,15.88,0.107706,0.0278897,8.92303,2.50066,0
fixed_decay_exc,10179,1,,12.37,0.0927892,0.0440557,8.71176,2.03617,0
fixed_decay_exc,10180,1,,19.14,0.0593591,0.0313011,9.86771,1.09505,0
fixed_decay_exc,10181,1,,25.47,0.089695,0.00611261,9.37554,1.70067,0
fixed_decay_exc,10182,1,,18.81,0.0340022,0.0496765,17.5012,1.81777,0
fixed_decay_exc,10183,1,,18.2,0.133796,0.0230252,10.5212,2.11107,0
fixed_decay_exc,10184,1,,16.74,0.0313391,0.116523,8.9057,1.03507,0
fixed_decay_exc,10185,1,,17.64,0.0222818,0.0768535,17.6534,1.34225,0
fixed_decay_exc,10186,1,,12.94,0.0443885,0.00945999,14.7914,0.695904,0
fixed_decay_exc,10187,1,,15.55,0.0999713,0.0247469,16.3009,1.98808,0
fixed_decay_exc,10188,1,,16.92,0.0411587,0.0193266,9.83872,2.02687,0
fixed_decay_exc,10189,1,,18.94,0.0519497,0.0588704,8.24392,1.04231,0
fixed_decay_exc,10190,1,,13.56,0.121512,0.0866492,7.71343,1.2639,0
fixed_decay_exc,10191,1,,18.5,0.121474,0.0036051,7.71076,1.2264,0
fixed_decay_exc,10192,1,,16.49,0.0310696,0.0242781,9.17761,2.43348,0
fixed_decay_exc,10193,1,,18.72,0.0835752,0.0721251,7.7984,2.04337,0
fixed_decay_exc,10194,1,,11.86,0.106062,0.144586,16.3276,1.41056,0
fixed_decay_exc,10195,1,,12.58,0.0639848,0.0338864,22.4162,1.13973,0
fixed_decay_exc,10196,1,,12.54,0.0534331,0.00527126,11.2782,0.867766,0
fixed_decay_exc,10197,1,,10.72,0.07694,0.0176755,10.8404,0.962736,0
fixed_decay_exc,10198,1,,12.68,0.0569311,0.0326387,14.106,0.792227,0
fixed_decay_exc,10199,1,,12.82,0.0520043,0.0113825,8.00233,0.545736,0
no_excitation,10000,0,never_certified,-1,7.80979,1.53631,7.68411,2.03976,0
no_excitation,10001,0,never_certified,-1,6.47717,1.97825,7.74409,1.84244,0
no_excitation,10002,0,never_certified,-1,8.20338,1.60949,8.13995,1.41787,0
no_excitation,10003,0,never_certified,-1,7.30753,2.72071,14.4682,1.30855,0
no_excitation,10004,0,never_certified,-1,13.4561,0.0110118,12.9087,1.99127,0
no_excitation,10005,0,never_certified,-1,10.0023,2.56429,7.83039,1.55724,0
no_excitation,10006,0,never_certified,-1,7.64181,0.409816,7.80606,1.87541,0
no_excitation,10007,0,never_certified,-1,9.4073,2.72733,7.69943,1.35339,0
no_excitation,10008,0,never_certified,-1,12.679,2.1575,7.95235,1.18091,0
no_excitation,10009,0,never_certified,-1,11.9173,1.90417,16.4538,2.31687,0
no_excitation,10010,0,never_certified,-1,14.261,2.80895,12.2496,2.9998,0
no_excitation,10011,0,never_certified,-1,7.58784,0.428593,7.75641,0.967199,0
no_excitation,10012,0,never_certified,-1,11.0267,2.48433,9.02832,0.533889,0
no_excitation,10013,0,never_certified,-1,6.10428,0.689912,7.75442,1.78109,0
no_excitation,10014,0,never_certified,-1,9.35659,2.77168,14.6291,1.07508,0
no_excitation,10015,0,never_certified,-1,11.0691,1.3559,19.4199,0.337655,0
no_excitation,10016,0,never_certified,-1,7.25101,0.464666,19.4492,2.20695,0
no_excitation,10017,0,never_certified,-1,14.9511,0.652788,20.2719,1.63683,0
no_excitation,10018,0,never_certified,-1,14.2608,0.465064,13.2919,1.82752,0
no_excitation,10019,0,never_certified,-1,12.8116,2.77622,8.26558,1.80767,0
no_excitation,10020,0,never_certified,-1,12.8782,0.507052,7.72409,2.50872,0
no_excitation,10021,0,never_certified,-1,14.3068,2.42709,9.84305,1.09031,0
no_excitation,10022,0,never_certified,-1,6.37986,0.15305,10.0473,1.69121,0
no_excitation,10023,0,never_certified,-1,12.8362,2.77453,8.07931,2.75111,0
no_excitation,10024,0,never_certified,-1,14.993,1.37123,8.51949,2.34031,0
no_excitation,10025,0,never_certified,-1,10.3869,0.547021,10.2479,2.17115,0
no_excitation,10026,0,never_certified,-1,7.19462,1.29421,7.73542,2.27913,0
no_excitation,10027,0,never_certified,-1,14.9685,2.54196,14.4705,1.87513,0
no_excitation,10028,0,never_certified,-1,6.84226,2.78259,15.7741,1.02357,0
no_excitation,10029,0,never_certified,-1,11.5581,1.83168,15.4715,1.84575,0
no_excitation,10030,0,never_certified,-1,6.89221,0.530157,12.4409,1.68719,0
no_excitation,10031,0,never_certified,-1,11.515,1.14366,12.7374,0.903099,0
no_excitation,10032,0,never_certified,-1,14.9082,1.18157,17.9653,1.59537,0
no_excitation,10033,0,never_certified,-1,13.1119,1.06895,9.85405,1.01386,0
no_excitation,10034,0,never_certified,-1,10.8319,1.01878,21.4165,2.89109,0
no_excitation,10035,0,never_certified,-1,8.42427,1.11633,13.7657,1.53777,0
no_excitation,10036,0,never_certified,-1,10.1444,1.56436,11.9507,1.65045,0
no_excitation,10037,0,never_certified,-1,6.26753,0.962885,8.34988,1.15554,0
no_excitation,10038,0,never_certified,-1,14.9751,3.1175,7.77074,0.820736,0
no_excitation,10039,0,never_certified,-1,11.1081,2.67825,8.44352,1.33418,0
no_excitation,10040,0,never_certified,-1,14.4555,0.0484465,7.76741,1.23181,0
no_excitation,10041,0,never_certified,-1,12.4416,2.70616,7.74742,2.0253,0
no_excitation,10042,0,never_certified,-1,7.0314,0.411716,8.31889,1.62747,0
no_excitation,10043,0,never_certified,-1,13.0022,2.33219,8.82572,1.70133,0
no_excitation,10044,0,never_certified,-1,6.34413,1.48374,7.82106,1.1909,0
no_excitation,10045,0,never_certified,-1,8.97652,1.83823,8.58514,1.73935,0
no_excitation,10046,0,never_certified,-1,11.9378,0.325619,7.79807,2.34825,0
no_excitation,10047,0,never_certified,-1,7.04738,1.65316,9.25925,2.28035,0
no_excitation,10048,0,never_certified,-1,7.36749,2.538,7.73276,1.50788,0
no_excitation,10049,0,never_certified,-1,12.6304,0.072235,7.72976,1.30278,0
no_excitation,10050,0,never_certified,-1,6.71054,0.287472,13.4275,1.98416,0
no_excitation,10051,0,never_certified,-1,8.63552,1.90213,11.2522,2.5528,0
no_excitation,10052,0,never_certified,-1,12.2604,1.13782,14.1946,1.88622,0
no_excitation,10053,0,never_certified,-1,9.77926,1.98575,20.4955,2.42586,0
no_excitation,10054,0,never_certified,-1,8.98471,1.93572,14.7504,0.851212,0
no_excitation,10055,0,never_certified,-1,7.64114,0.647954,11.062,1.67271,0
no_excitation,10056,0,never_certified,-1,14.3259,1.16121,14.7861,1.04092,0
no_excitation,10057,0,never_certified,-1,10.1893,2.37173,9.44918,1.42286,0
no_excitation,10058,0,never_certified,-1,14.8264,1.90509,9.4945,1.80966,0
no_excitation,10059,0,never_certified,-1,6.81154,0.708132,7.72276,2.32703,0
no_excitation,10060,0,never_certified,-1,10.3187,1.0826,10.3595,1.23636,0
no_excitation,10061,0,never_certified,-1,9.91987,2.99409,9.69843,2.30459,0
no_excitation,10062,0,never_certified,-1,7.63759,1.71075,9.20493,0.533749,0
no_excitation,10063,0,never_certified,-1,11.1535,2.10887,10.3496,1.39809,0
no_excitation,10064,0,never_certified,-1,10.3711,2.67437,8.4112,1.31826,0
no_excitation,10065,0,never_certified,-1,14.3062,0.615153,8.45585,2.29632,0
no_excitation,10066,0,never_certified,-1,10.8873,2.1346,7.79307,2.49362,0
no_excitation,10067,0,never_certified,-1,10.8309,2.72537,7.85105,1.79961,0
no_excitation,10068,0,never_certified,-1,14.0393,1.31429,10.7394,1.35331,0
no_excitation,10069,0,never_certified,-1,13.2054,0.111773,7.6941,2.28795,0
no_excitation,10070,0,never_certified,-1,14.0711,0.59973,8.79307,1.62315,0
no_excitation,10071,0,never_certified,-1,8.90785,1.35246,9.77341,1.50812,0
no_excitation,10072,0,never_certified,-1,11.5323,0.718694,10.2842,2.10286,0
no_excitation,10073,0,never_certified,-1,6.19542,2.55835,10.1699,2.0569,0
no_excitation,10074,0,never_certified,-1,11.8154,0.586543,15.986,1.42239,0
no_excitation,10075,0,never_certified,-1,9.70895,0.36872,11.5545,2.40546,0
no_excitation,10076,0,never_certified,-1,14.5733,1.67621,14.2349,1.65908,0
no_excitation,10077,0,never_certified,-1,7.27265,2.61734,11.3749,1.95504,0
no_excitation,10078,0,never_certified,-1,11.2674,3.06768,13.8884,2.05793,0
no_excitation,10079,0,never_certified,-1,12.0257,2.9189,15.9747,1.24098,0
no_excitation,10080,0,never_certified,-1,8.44092,1.86197,18.0836,1.78095,0
no_excitation,10081,0,never_certified,-1,10.9726,0.382956,13.4062,1.88562,0
no_excitation,10082,0,never_certified,-1,12.3038,2.86006,9.17961,1.52069,0
no_excitation,10083,0,never_certified,-1,7.00301,0.848266,9.13962,1.85379,0
no_excitation,10084,0,never_certified,-1,10.1373,1.44124,16.3346,0.623631,0
no_excitation,10085,0,never_certified,-1,10.469,2.106,17.139,1.95109,0
no_excitation,10086,0,never_certified,-1,10.6706,1.30423,16.9167,2.35395,0
no_excitation,10087,0,never_certified,-1,6.2621,0.236836,8.53382,2.48163,0
no_excitation,10088,0,never_certified,-1,12.6769,2.8384,8.53449,1.18616,0
no_excitation,10089,0,never_certified,-1,11.6527,2.22205,12.9107,1.79001,0
no_excitation,10090,0,never_certified,-1,13.5504,0.151162,13.5058,2.34055,0
no_excitation,10091,0,never_certified,-1,9.74408,1.64716,15.2536,1.38941,0
no_excitation,10092,0,never_certified,-1,6.22005,1.51205,9.46551,1.33677,0
no_excitation,10093,0,never_certified,-1,14.3019,2.01211,9.5988,1.38703,0
no_excitation,10094,0,never_certified,-1,13.3585,2.04276,11.7494,1.13194,0
no_excitation,10095,0,never_certified,-1,12.4512,2.56461,9.32423,2.05444,0
no_excitation,10096,0,never_certified,-1,13.4184,2.49342,7.99733,1.45331,0
no_excitation,10097,0,never_certified,-1,9.68031,0.720879,7.73675,2.24924,0
no_excitation,10098,0,never_certified,-1,13.617,1.05231,8.94635,1.71262,0
no_excitation,10099,0,never_certified,-1,7.80592,2.77535,8.41719,2.03676,0
no_excitation,10100,0,never_certified,-1,13.5118,3.13393,8.01733,2.48922,0
no_excitation,10101,0,never_certified,-1,8.79441,0.225338,15.2816,1.48891,0
no_excitation,10102,0,never_certified,-1,8.82532,0.379146,16.016,1.73074,0
no_excitation,10103,0,never_certified,-1,6.57957,2.51326,9.42386,1.65137,0
no_excitation,10104,0,never_certified,-1,14.8374,3.02977,8.34888,1.8132,0
no_excitation,10105,0,never_certified,-1,10.2996,0.813576,9.02766,1.21495,0
no_excitation,10106,0,never_certified,-1,7.64505,1.35284,7.78574,2.81434,0
no_excitation,10107,0,never_certified,-1,8.50186,1.91735,8.4935,1.66418,0
no_excitation,10108,0,never_certified,-1,6.48707,2.0408,8.46651,1.41224,0
no_excitation,10109,0,never_certified,-1,14.7664,1.75711,7.72509,0.415575,0
no_excitation,10110,0,never_certified,-1,9.44476,0.694176,8.31523,1.65806,0
no_excitation,10111,0,never_certified,-1,6.92973,1.83243,12.2426,1.57204,0
no_excitation,10112,0,never_certified,-1,6.92841,2.9185,9.30357,1.16508,0
no_excitation,10113,0,never_certified,-1,8.89753,2.78571,16.6105,1.35112,0
no_excitation,10114,0,never_certified,-1,11.5401,0.318189,12.1153,3.10907,0
no_excitation,10115,0,never_certified,-1,14.7369,0.609015,13.7434,0.866414,0
no_excitation,10116,0,never_certified,-1,6.35925,0.881456,17.3852,1.97266,0
no_excitation,10117,0,never_certified,-1,13.9022,1.22756,8.27857,2.12901,0
no_excitation,10118,0,never_certified,-1,7.53362,2.81849,9.11829,1.28216,0
no_excitation,10119,0,never_certified,-1,11.68,2.09613,9.15495,0.775275,0
no_excitation,10120,0,never_certified,-1,12.1502,2.65882,8.52483,1.41981,0
no_excitation,10121,0,never_certified,-1,10.0428,0.800655,8.57014,1.92026,0
no_excitation,10122,0,never_certified,-1,8.10257,2.02743,8.77741,2.21924,0
no_excitation,10123,0,never_certified,-1,11.248,1.1215,7.75342,1.51686,0
no_excitation,10124,0,never_certified,-1,12.1971,0.866688,8.67211,1.83975,0
no_excitation,10125,0,never_certified,-1,10.814,0.289388,8.38121,1.20415,0
no_excitation,10126,0,never_certified,-1,14.3755,1.82569,13.3545,2.34467,0
no_excitation,10127,0,never_certified,-1,7.86439,1.52247,16.1809,2.91709,0
no_excitation,10128,0,never_certified,-1,6.30499,2.85743,13.6761,1.69635,0
no_excitation,10129,0,never_certified,-1,13.3048,0.359608,7.84905,2.50946,0
no_excitation,10130,0,never_certified,-1,7.78482,1.76975,8.96534,1.83527,0
no_excitation,10131,0,never_certified,-1,6.21321,0.418345,8.57114,2.03987,0
no_excitation,10132,0,never_certified,-1,11.8456,1.20531,8.11896,1.50689,0
no_excitation,10133,0,never_certified,-1,14.0808,0.221066,8.72976,1.58775,0
no_excitation,10134,0,never_certified,-1,14.6214,0.203459,9.02199,2.16654,0
no_excitation,10135,0,never_certified,-1,13.9708,2.8674,14.0966,1.59618,0
no_excitation,10136,0,never_certified,-1,7.01851,2.1268,18.2639,2.43268,0
no_excitation,10137,0,never_certified,-1,7.36867,0.616059,9.47951,2.20583,0
no_excitation,10138,0,never_certified,-1,7.79656,1.56568,8.21859,2.2837,0
no_excitation,10139,0,never_certified,-1,8.60344,1.67321,8.89937,2.57952,0
no_excitation,10140,0,never_certified,-1,6.44586,3.06136,8.42086,2.61514,0
no_excitation,10141,0,never_certified,-1,14.3333,2.64461,7.82206,2.22574,0
no_excitation,10142,0,never_certified,-1,8.01092,2.28553,8.17961,1.49667,0
no_excitation,10143,0,never_certified,-1,6.52898,1.18152,14.3802,1.44555,0
no_excitation,10144,0,never_certified,-1,6.18896,1.66205,7.76674,1.56725,0
no_excitation,10145,0,never_certified,-1,14.536,2.39629,10.7577,2.62782,0
no_excitation,10146,0,never_certified,-1,6.63866,2.496,8.58181,2.31972,0
no_excitation,10147,0,never_certified,-1,8.91851,2.11064,7.89304,1.96367,0
no_excitation,10148,0,never_certified,-1,7.31831,1.35076,7.70177,1.03816,0
no_excitation,10149,0,never_certified,-1,10.1243,1.99917,10.0083,2.12995,0
no_excitation,10150,0,never_certified,-1,11.56,2.05473,9.72576,1.25692,0
no_excitation,10151,0,never_certified,-1,9.95541,1.62745,7.74675,1.2782,0
no_excitation,10152,0,never_certified,-1,8.41669,1.73019,15.097,1.71465,0
no_excitation,10153,0,never_certified,-1,10.266,2.46236,14.3745,1.16707,0
no_excitation,10154,0,never_certified,-1,12.2127,3.06328,9.24925,1.33671,0
no_excitation,10155,0,never_certified,-1,6.45438,0.717875,16.019,1.50504,0
no_excitation,10156,0,never_certified,-1,7.85019,0.869679,8.15828,2.05903,0
no_excitation,10157,0,never_certified,-1,7.6128,3.13935,13.8957,1.43212,0
no_excitation,10158,0,never_certified,-1,8.0752,0.93743,10.7181,2.42515,0
no_excitation,10159,0,never_certified,-1,6.14934,2.55183,10.9227,2.72802,0
no_excitation,10160,0,never_certified,-1,8.25892,2.81208,18.001,3.5655,0
no_excitation,10161,0,never_certified,-1,14.136,0.171172,24.001,1.63049,0
no_excitation,10162,0,never_certified,-1,8.39874,2.73102,21.7401,1.31866,0
no_excitation,10163,0,never_certified,-1,11.3467,1.78041,13.0373,1.32835,0
no_excitation,10164,0,never_certified,-1,13.6355,0.280753,12.7957,1.00961,0
no_excitation,10165,0,never_certified,-1,10.9596,0.664855,9.14595,1.30039,0
no_excitation,10166,0,never_certified,-1,9.06522,0.983155,12.3459,1.86893,0
no_excitation,10167,0,never_certified,-1,11.0564,1.39936,7.91136,0.805793,0
no_excitation,10168,0,never_certified,-1,9.56005,0.0241917,8.37554,1.41512,0
no_excitation,10169,0,never_certified,-1,11.5055,0.853466,9.5998,1.93752,0
no_excitation,10170,0,never_certified,-1,7.32036,0.586181,8.12996,1.9315,0
no_excitation,10171,0,never_certified,-1,7.93648,0.133852,9.07864,2.01296,0
no_excitation,10172,0,never_certified,-1,13.2712,2.49435,8.36688,0.430932,0
no_excitation,10173,0,never_certified,-1,8.58084,0.981316,7.76974,2.49742,0
no_excitation,10174,0,never_certified,-1,8.3907,2.77388,7.79573,1.79941,0
no_excitation,10175,0,never_certified,-1,13.715,0.764328,8.19727,2.26546,0
no_excitation,10176,0,never_certified,-1,11.3678,2.56451,13.6714,1.59122,0
no_excitation,10177,0,never_certified,-1,10.8084,1.97725,14.013,1.52019,0
no_excitation,10178,0,never_certified,-1,6.41016,2.75472,11.6361,2.48977,0
no_excitation,10179,0,never_certified,-1,6.53113,1.43663,16.2353,1.56949,0
no_excitation,10180,0,never_certified,-1,13.5972,1.85228,15.8421,1.30849,0
no_excitation,10181,0,never_certified,-1,13.1429,0.724442,7.93902,2.10281,0
no_excitation,10182,0,never_certified,-1,14.5784,2.41859,7.76841,2.06571,0
no_excitation,10183,0,never_certified,-1,14.9523,1.55136,8.0943,1.83613,0
no_excitation,10184,0,never_certified,-1,12.1907,2.25691,8.95002,1.48386,0
no_excitation,10185,0,never_certified,-1,14.541,0.975713,7.9007,1.77224,0
no_excitation,10186,0,never_certified,-1,6.77454,1.68244,10.3752,1.25835,0
no_excitation,10187,0,never_certified,-1,10.7301,0.426182,10.9314,2.36299,0
no_excitation,10188,0,never_certified,-1,14.6355,1.82861,11.8994,1.46017,0
no_excitation,10189,0,never_certified,-1,13.2041,2.58728,8.63079,2.50059,0
no_excitation,10190,0,never_certified,-1,10.3256,0.220439,8.82439,1.29297,0
no_excitation,10191,0,never_certified,-1,13.5949,2.67967,7.76508,1.10792,0
no_excitation,10192,0,never_certified,-1,14.3197,2.34073,8.68777,1.89446,0
no_excitation,10193,0,never_certified,-1,12.7912,2.61998,9.72076,2.02209,0
no_excitation,10194,0,never_certified,-1,6.19972,2.61745,8.76341,1.33066,0
no_excitation,10195,0,never_certified,-1,6.57004,2.40081,11.3512,1.56187,0
no_excitation,10196,0,never_certified,-1,10.2242,0.756564,10.4282,0.742487,0
no_excitation,10197,0,never_certified,-1,8.13495,2.14801,10.5918,0.99768,0
no_excitation,10198,0,never_certified,-1,10.494,2.22837,7.76408,0.949472,0
no_excitation,10199,0,never_certified,-1,9.7913,2.81183,7.70943,1.89483,0
proposed_diag_var,10000,1,,11.29,0.0974517,0.0376053,21.1569,2.11271,0
proposed_diag_var,10001,1,,8.1,0.0456862,0.00835798,9.7864,1.87923,0
proposed_diag_var,10002,1,,12.55,0.0310553,0.0235095,7.96568,0.905363,0
proposed_diag_var,10003,1,,8.72,0.165513,0.0453155,16.2616,1.34929,0
proposed_diag_var,10004,1,,17.05,0.155314,0.047593,17.2639,1.39901,0
proposed_diag_var,10005,1,,11.51,0.0655936,0.0485757,13.3426,1.30874,0
proposed_diag_var,10006,1,,9.63,0.0173321,0.0371734,10.0267,1.76192,0
proposed_diag_var,10007,1,,14.72,0.081697,0.0334731,8.73376,2.42301,0
proposed_diag_var,10008,1,,18.02,0.0818211,0.0497531,10.3462,1.14028,0
proposed_diag_var,10009,1,,17.52,0.0785059,0.0421665,8.08497,2.33138,0
proposed_diag_var,10010,1,,15.67,0.0381972,0.0382201,8.84439,2.84406,0
proposed_diag_var,10011,1,,9.36,0.0854205,0.0465772,8.85338,0.951309,0
proposed_diag_var,10012,1,,14.87,0.0809316,0.0244144,10.7091,0.252911,0
proposed_diag_var,10013,1,,7.54,0.0646469,0.0357025,8.41853,1.93925,0
proposed_diag_var,10014,1,,11.68,0.0263002,0.0515282,9.4062,1.12926,0
proposed_diag_var,10015,1,,14.92,0.0583603,0.0429355,14.4085,1.38878,0
proposed_diag_var,10016,1,,9.52,0.102938,0.00685756,11.5062,2.10518,0
proposed_diag_var,10017,1,,20.05,0.0675156,0.110649,8.74375,1.67972,0
proposed_diag_var,10018,1,,16.89,0.0750527,0.0223828,9.37454,1.35437,0
proposed_diag_var,10019,1,,16.98,0.0277482,0.0145114,9.31623,1.36858,0
proposed_diag_var,10020,1,,18.24,0.0638567,0.0262542,8.84738,1.15964,0
proposed_diag_var,10021,1,,16.52,0.0914589,0.0523659,7.72176,0.8867,0
proposed_diag_var,10022,1,,7.78,0.0599147,0.0218597,9.7041,1.61926,0
proposed_diag_var,10023,1,,16.53,0.0563874,0.0213903,7.63645,1.06727,0
proposed_diag_var,10024,1,,19.54,0.129358,0.030752,10.5558,2.05167,0
proposed_diag_var,10025,1,,12.21,0.0948889,0.0269729,9.73276,2.12438,0
proposed_diag_var,10026,1,,8.88,0.0559891,0.0879241,10.9897,2.17722,0
proposed_diag_var,10027,1,,20.25,0.133452,0.0500175,8.54848,1.78385,0
proposed_diag_var,10028,1,,11.7,0.0514346,0.0675578,12.9367,0.969163,0
proposed_diag_var,10029,1,,12.94,0.0199137,0.00328265,19.2762,1.82738,0
proposed_diag_var,10030,1,,11.81,0.0538539,0.0889657,16.0333,1.71003,0
proposed_diag_var,10031,1,,16.83,0.0655448,0.00571457,11.2316,0.328072,0
proposed_diag_var,10032,1,,20.04,0.0966821,0.0173674,13.3755,1.6462,0
proposed_diag_var,10033,1,,14.9,0.0547445,0.0441592,12.0253,0.919755,0
proposed_diag_var,10034,1,,15.13,0.0556824,0.0730616,11.8484,1.27407,0
proposed_diag_var,10035,1,,15.84,0.028115,0.0225416,11.5768,1.95586,0
proposed_diag_var,10036,1,,14.59,0.0422159,0.039815,12.1526,0.335311,0
proposed_diag_var,10037,1,,11.5,0.115117,0.039631,14.8947,0.956207,0
proposed_diag_var,10038,1,,20.83,0.0727529,0.0498536,14.4222,0.682113,0
proposed_diag_var,10039,1,,16.14,0.124583,0.0308486,13.7911,1.29333,0
proposed_diag_var,10040,1,,17.23,0.0621602,0.022722,9.28324,1.1826,0
proposed_diag_var,10041,1,,15.66,0.0743851,0.0138331,8.25425,2.06496,0
proposed_diag_var,10042,1,,8.68,0.0652123,0.0249697,13.6371,1.62425,0
proposed_diag_var,10043,1,,17.8,0.0555056,0.0369658,17.0063,0.860089,0
proposed_diag_var,10044,1,,10.95,0.12031,0.0237039,13.1246,1.13346,0
proposed_diag_var,10045,1,,13.57,0.0972723,0.0252006,13.125,1.59124,0
proposed_diag_var,10046,1,,20.71,0.0544302,0.0868419,7.59114,1.7967,0
proposed_diag_var,10047,1,,9.73,0.0335474,0.0113298,11.8054,2.3076,0
proposed_diag_var,10048,1,,10.25,0.0300534,0.0498898,8.7101,1.24272,0
proposed_diag_var,10049,1,,14.84,0.0825218,0.0185075,12.2929,1.43851,0
proposed_diag_var,10050,1,,11.57,0.106346,0.0277019,8.32356,1.89308,0
proposed_diag_var,10051,1,,11.05,0.0284969,0.0456131,7.70043,0.628734,0
proposed_diag_var,10052,1,,14.1,0.0989306,0.095477,7.7994,1.0759,0
proposed_diag_var,10053,1,,13.01,0.0845236,0.00238669,7.87038,2.43145,0
proposed_diag_var,10054,1,,12.53,0.0769011,0.0479997,9.03632,1.06495,0
proposed_diag_var,10055,1,,12.77,0.0473571,0.0440915,8.55315,0.675002,0
proposed_diag_var,10056,1,,15.94,0.0690727,0.00758071,16.4875,1.0385,0
proposed_diag_var,10057,1,,12.57,0.0358655,0.0276702,16.2546,1.5048,0
proposed_diag_var,10058,1,,16.67,0.0652529,0.0467788,13.1483,0.875886,0
proposed_diag_var,10059,1,,8.72,0.142133,0.0969899,12.6148,2.35295,0
proposed_diag_var,10060,1,,12.13,0.0978601,0.0368575,9.76341,1.13467,0
proposed_diag_var,10061,1,,12.77,0.0518192,0.0118687,11.5568,0.920064,0
proposed_diag_var,10062,1,,12.84,0.0671929,0.0838403,9.08664,0.341546,0
proposed_diag_var,10063,1,,14.25,0.0490594,0.0240768,7.74342,1.56313,0
proposed_diag_var,10064,1,,13.5,0.104087,0.061548,8.75075,1.2385,0
proposed_diag_var,10065,1,,18.72,0.0624775,0.0437604,8.17328,2.31655,0
proposed_diag_var,10066,1,,13.48,0.0934047,0.0339803,11.4239,2.57885,0
proposed_diag_var,10067,1,,15.72,0.0199295,0.000157864,12.1196,1.47041,0
proposed_diag_var,10068,1,,19.28,0.0514363,0.0513361,9.53949,1.38961,0
proposed_diag_var,10069,1,,15.32,0.029684,0.0438229,7.78341,2.24876,0
proposed_diag_var,10070,1,,17.79,0.0474905,0.0317365,10.4725,1.74889,0
proposed_diag_var,10071,1,,13.88,0.0747986,0.0369309,9.26891,1.6103,0
proposed_diag_var,10072,1,,14.86,0.0775344,0.0881928,7.7081,1.61284,0
proposed_diag_var,10073,1,,10.18,0.0455578,0.00902405,7.64412,1.73579,0
proposed_diag_var,10074,1,,16.17,0.0749289,0.0101008,12.7158,1.31693,0
proposed_diag_var,10075,1,,13.08,0.0708837,0.00679605,7.69277,2.30413,0
proposed_diag_var,10076,1,,17.69,0.0179055,0.0113538,7.86038,2.01118,0
proposed_diag_var,10077,1,,11.74,0.0311901,0.0285596,7.72076,1.95058,0
proposed_diag_var,10078,1,,17.28,0.066914,0.056867,8.3942,1.56023,0
proposed_diag_var,10079,1,,16.83,0.0735817,0.0369578,7.80173,0.880024,0
proposed_diag_var,10080,1,,10.44,0.0635276,0.00973923,7.75875,1.45335,0
proposed_diag_var,10081,1,,12.78,0.0506071,0.00151794,7.68877,0.936016,0
proposed_diag_var,10082,1,,13.79,0.0834396,0.0399016,14.7791,1.23783,0
proposed_diag_var,10083,1,,12.8,0.116687,0.0100877,7.92203,1.65518,0
proposed_diag_var,10084,1,,12.68,0.172952,0.024297,11.4782,0.763996,0
proposed_diag_var,10085,1,,12.51,0.0087256,0.00881177,8.83805,2.05371,0
proposed_diag_var,10086,1,,14.03,0.0505467,0.0545545,8.95668,0.389781,0
proposed_diag_var,10087,1,,9.84,0.0164588,0.0582565,7.67744,2.42302,0
proposed_diag_var,10088,1,,14.61,0.0970138,0.0771998,7.64978,1.01336,0
proposed_diag_var,10089,1,,13.49,0.0760652,0.0173825,11.5855,1.22061,0
proposed_diag_var,10090,1,,15.8,0.0276766,0.0253003,11.0913,0.854713,0
proposed_diag_var,10091,1,,11.69,0.00786455,0.0508305,9.2959,1.21763,0
proposed_diag_var,10092,1,,8.21,0.124823,0.00544994,7.95635,1.46987,0
proposed_diag_var,10093,1,,15.99,0.0381436,0.0111867,7.94435,1.57363,0
proposed_diag_var,10094,1,,15.12,0.0524732,0.0698821,7.83072,0.817425,0
proposed_diag_var,10095,1,,17.06,0.080051,0.00137001,8.11363,1.28872,0
proposed_diag_var,10096,1,,18.12,0.104955,0.0366773,8.97634,1.55349,0
proposed_diag_var,10097,1,,11.07,0.0689225,0.0237865,7.74842,2.10722,0
proposed_diag_var,10098,1,,17.14,0.0358343,0.0221211,8.45452,2.17594,0
proposed_diag_var,10099,1,,11.16,0.178773,0.089134,9.66844,1.9535,0
proposed_diag_var,10100,1,,15.41,0.0636563,0.0769363,8.84105,2.22674,0
proposed_diag_var,10101,1,,13.32,0.0665995,0.0304236,7.69677,0.791549,0
proposed_diag_var,10102,1,,13.52,0.0415985,0.0384763,7.67811,1.49778,0
proposed_diag_var,10103,1,,11.16,0.15219,0.0370078,8.72109,1.59758,0
proposed_diag_var,10104,1,,19.57,0.094429,0.0305138,8.01433,1.10356,0
proposed_diag_var,10105,1,,14.28,0.0702794,0.0783665,8.51816,0.945053,0
proposed_diag_var,10106,1,,12.43,0.0958881,0.00824046,8.57381,2.95503,0
proposed_diag_var,10107,1,,10.53,0.0513655,0.00941748,7.75108,1.82075,0
proposed_diag_var,10108,1,,12.33,0.0738631,0.0269285,7.70177,1.28416,0
proposed_diag_var,10109,1,,18.06,0.077017,0.0696767,8.6128,1.43382,0
proposed_diag_var,10110,1,,13.25,0.0301707,0.0248546,7.67278,0.887568,0
proposed_diag_var,10111,1,,10.88,0.134696,0.0436681,16.3346,1.55406,0
proposed_diag_var,10112,1,,12.69,0.151805,0.00249632,14.3019,1.12338,0
proposed_diag_var,10113,1,,12.32,0.0474126,0.0299756,8.62246,1.76471,0
proposed_diag_var,10114,1,,13.46,0.106984,0.020562,7.61579,3.06191,0
proposed_diag_var,10115,1,,19.18,0.0307081,0.071809,8.91536,1.41405,0
proposed_diag_var,10116,1,,10.68,0.0474423,0.0256117,7.81839,1.74863,0
proposed_diag_var,10117,1,,15.72,0.0920908,0.0343275,8.35022,1.00488,0
proposed_diag_var,10118,1,,10.2,0.184233,0.0157249,16.8474,1.35271,0
proposed_diag_var,10119,1,,13.03,0.0753679,0.0119082,10.4882,0.870964,0
proposed_diag_var,10120,1,,14.21,0.0336874,0.0660328,18.8267,0.952256,0
proposed_diag_var,10121,1,,12.37,0.10131,0.00811277,10.5511,1.9487,0
proposed_diag_var,10122,1,,13.39,0.0296319,0.0440762,14.1693,2.12308,0
proposed_diag_var,10123,1,,13.74,0.0521028,0.0296476,16.6395,1.95939,0
proposed_diag_var,10124,1,,16.54,0.0898944,0.00156699,15.6881,1.0109,0
proposed_diag_var,10125,1,,12.29,0.0786497,0.0373704,13.9497,1.17392,0
proposed_diag_var,10126,1,,19.05,0.0714259,0.0445487,12.2756,2.62175,0
proposed_diag_var,10127,1,,9.25,0.0625569,0.0110798,10.097,2.91217,0
proposed_diag_var,10128,1,,10.57,0.0156367,0.0281564,15.0586,1.56082,0
proposed_diag_var,10129,1,,16.86,0.0810938,0.0269114,13.5178,1.77117,0
proposed_diag_var,10130,1,,15.91,0.0133696,0.00340839,10.5068,1.73922,0
proposed_diag_var,10131,1,,7.92,0.088912,0.0292862,13.8327,1.82834,0
proposed_diag_var,10132,1,,15.37,0.0461378,0.0131052,11.3655,0.662538,0
proposed_diag_var,10133,1,,17.64,0.0655094,0.0568214,8.04698,1.82836,0
proposed_diag_var,10134,1,,18.3,0.0692401,0.00121961,8.33122,0.762422,0
proposed_diag_var,10135,1,,18.66,0.100502,0.0149696,8.25125,1.15071,0
proposed_diag_var,10136,1,,8.57,0.0736463,0.104048,14.7041,2.32602,0
proposed_diag_var,10137,1,,10.72,0.0759458,0.0509646,9.44518,2.13498,0
proposed_diag_var,10138,1,,11.04,0.118187,0.0287754,8.52749,2.38254,0
proposed_diag_var,10139,1,,13.04,0.042623,0.0546199,11.6115,2.21981,0
proposed_diag_var,10140,1,,9.2,0.0180188,0.106103,12.3342,2.49014,0
proposed_diag_var,10141,1,,19.5,0.0694587,0.0111409,11.6821,0.172547,0
proposed_diag_var,10142,1,,11.65,0.0378085,0.0349913,22.0576,1.32951,0
proposed_diag_var,10143,1,,11.66,0.142643,0.00986065,16.3496,1.5326,0
proposed_diag_var,10144,1,,8.62,0.0610792,0.0108386,8.04832,1.52879,0
proposed_diag_var,10145,1,,17.15,0.0406417,0.00494937,7.93069,1.63592,0
proposed_diag_var,10146,1,,8.2,0.0886028,0.0108245,7.86504,2.38526,0
proposed_diag_var,10147,1,,12.53,0.1534,0.0310105,8.41786,1.8851,0
proposed_diag_var,10148,1,,8.71,0.0801658,0.0416895,9.71276,1.29505,0
proposed_diag_var,10149,1,,12.69,0.0711507,0.0171369,14.4139,0.653197,0
proposed_diag_var,10150,1,,18.12,0.0553371,0.0222525,12.3542,1.57829,0
proposed_diag_var,10151,1,,14.61,0.0316803,0.0332374,15.3146,1.4859,0
proposed_diag_var,10152,1,,13.06,0.053949,0.0031179,13.6221,1.94769,0
proposed_diag_var,10153,1,,12.11,0.0847855,0.00610209,12.4635,1.31135,0
proposed_diag_var,10154,1,,16.39,0.0657133,0.0634326,10.8354,0.657255,0
proposed_diag_var,10155,1,,10.87,0.0617786,0.102168,11.4119,1.05546,0
proposed_diag_var,10156,1,,9.66,0.10526,0.0574105,10.9314,2.10056,0
proposed_diag_var,10157,1,,12.66,0.0584063,0.0215423,10.6754,1.47945,0
proposed_diag_var,10158,1,,13.97,0.0579451,0.00301002,7.79607,2.12875,0
proposed_diag_var,10159,1,,8.53,0.0161583,0.0292318,14.8311,2.66352,0
proposed_diag_var,10160,1,,12.53,0.054855,0.0303808,8.41153,3.44684,0
proposed_diag_var,10161,1,,19.22,0.0638201,0.0791765,12.4185,1.02616,0
proposed_diag_var,10162,1,,10.98,0.0843445,0.0426441,9.6028,1.73031,0
proposed_diag_var,10163,1,,13.42,0.0486207,0.0207376,11.4692,1.28238,0
proposed_diag_var,10164,1,,20.35,0.0789097,0.0403223,18.882,1.84035,0
proposed_diag_var,10165,1,,15.16,0.0420122,0.018046,11.2019,1.2733,0
proposed_diag_var,10166,1,,11.12,0.0548956,0.0733915,13.1606,0.394399,0
proposed_diag_var,10167,1,,13.58,0.0264263,0.0132918,15.9843,0.755249,0
proposed_diag_var,10168,1,,12.95,0.0479126,0.0483314,7.76341,1.52246,0
proposed_diag_var,10169,1,,15.85,0.0230778,0.0359311,12.6934,2.28722,0
proposed_diag_var,10170,1,,10.36,0.0891696,0.01646,13.058,0.531764,0
proposed_diag_var,10171,1,,12.72,0.0942263,0.0111702,17.9903,1.91627,0
proposed_diag_var,10172,1,,17.71,0.0207882,0.0467891,14.3792,0.565317,0
proposed_diag_var,10173,1,,15.01,0.020805,0.0561579,20.6335,2.50971,0
proposed_diag_var,10174,1,,9.54,0.0563104,0.0198294,13.7458,1.70989,0
proposed_diag_var,10175,1,,14.95,0.0427913,0.00890033,12.113,1.70648,0
proposed_diag_var,10176,1,,18.2,0.0438062,0.00644714,8.25292,1.19573,0
proposed_diag_var,10177,1,,13.31,0.0499383,0.000550918,8.84972,1.47664,0
proposed_diag_var,10178,1,,7.96,0.0725483,0.0213095,17.0886,2.46957,0
proposed_diag_var,10179,1,,11.64,0.0775841,0.0440349,10.8151,2.0402,0
proposed_diag_var,10180,1,,18.44,0.0553117,0.02158,11.7338,1.36275,0
proposed_diag_var,10181,1,,18.07,0.0907002,0.0137132,7.72609,1.93526,0
proposed_diag_var,10182,1,,18.53,0.0766021,0.0534907,8.13862,1.98935,0
proposed_diag_var,10183,1,,17.78,0.062951,0.0209357,8.43885,2.06924,0
proposed_diag_var,10184,1,,16.26,0.0186798,0.116333,7.98967,0.888164,0
proposed_diag_var,10185,1,,17.26,0.0811496,0.00886146,12.0063,1.86522,0
proposed_diag_var,10186,1,,11.82,0.0751013,0.025686,10.2459,0.368655,0
proposed_diag_var,10187,1,,15.69,0.073492,0.020416,8.2006,0.130857,0
proposed_diag_var,10188,1,,16.75,0.0828136,0.028383,7.96601,1.32585,0
proposed_diag_var,10189,1,,18.51,0.0512617,0.0717726,8.5055,1.08056,0
proposed_diag_var,10190,1,,13.47,0.133497,0.0863098,8.21026,1.23855,0
proposed_diag_var,10191,1,,17.01,0.0867534,0.00277981,8.32156,1.19691,0
proposed_diag_var,10192,1,,16.24,0.030326,0.134247,9.11196,2.37854,0
proposed_diag_var,10193,1,,17.86,0.0870889,0.0758539,11.4668,1.75538,0
proposed_diag_var,10194,1,,11.4,0.0645712,0.150522,9.41553,1.45664,0
proposed_diag_var,10195,1,,12.19,0.0790975,0.0454806,9.91203,1.25361,0
proposed_diag_var,10196,1,,12.36,0.0587879,0.00511001,15.6411,0.784646,0
proposed_diag_var,10197,1,,10.51,0.0795741,0.0172593,17.6648,0.909709,0
proposed_diag_var,10198,1,,12.23,0.0854091,0.0286691,11.3602,0.892088,0
proposed_diag_var,10199,1,,12.72,0.0493268,0.00406453,7.95635,1.61606,0
proposed_packet_only,10000,1,,11.22,0.0974348,0.0365905,12.2899,2.10694,0
proposed_packet_only,10001,1,,8.08,0.0440605,0.00986663,17.6138,1.8808,0
proposed_packet_only,10002,1,,12.46,0.0292169,0.025525,10.8141,0.859074,0
proposed_packet_only,10003,1,,8.7,0.179898,0.0114359,8.11596,1.35415,0
proposed_packet_only,10004,1,,16.97,0.151549,0.0477733,9.8144,1.40653,0
proposed_packet_only,10005,1,,11.48,0.0746172,0.0549899,8.43752,1.3193,0
proposed_packet_only,10006,1,,9.61,0.0177862,0.037094,8.46684,1.76133,0
proposed_packet_only,10007,1,,14.59,0.0837712,0.0116133,8.08131,2.37009,0
proposed_packet_only,10008,1,,18.08,0.0762879,0.0140351,10.2922,1.10821,0
proposed_packet_only,10009,1,,17.43,0.0816582,0.0404724,8.39787,2.324,0
proposed_packet_only,10010,1,,15.64,0.0372182,0.0392625,15.5458,2.80843,0
proposed_packet_only,10011,1,,9.34,0.084836,0.046545,17.9047,0.951564,0
proposed_packet_only,10012,1,,14.83,0.0572594,0.0244459,15.8114,0.264104,0
proposed_packet_only,10013,1,,7.52,0.063254,0.0357735,9.998,1.94147,0
proposed_packet_only,10014,1,,11.67,0.0247128,0.0514718,18.6431,1.12839,0
proposed_packet_only,10015,1,,14.88,0.0581509,0.0430724,12.9813,1.31341,0
proposed_packet_only,10016,1,,9.5,0.099512,0.0107984,8.23559,2.10445,0
proposed_packet_only,10017,1,,19.98,0.0629073,0.110702,8.18727,1.66141,0
proposed_packet_only,10018,1,,16.86,0.0697368,0.00145954,7.68444,1.26809,0
proposed_packet_only,10019,1,,16.92,0.0268362,0.000770049,19.7408,1.35847,0
proposed_packet_only,10020,1,,18.24,0.0638549,0.0262302,11.005,1.15948,0
proposed_packet_only,10021,1,,16.49,0.0975578,0.0540918,10.4512,0.895871,0
proposed_packet_only,10022,1,,7.76,0.058342,0.0218015,8.01766,1.62076,0
proposed_packet_only,10023,1,,16.49,0.056196,0.0214077,14.2469,1.07056,0
proposed_packet_only,10024,1,,19.35,0.106762,0.0347537,16.0513,2.04638,0
proposed_packet_only,10025,1,,12.17,0.0753333,0.0269479,8.66078,2.21261,0
proposed_packet_only,10026,1,,8.85,0.0545186,0.0926031,10.6601,2.17315,0
proposed_packet_only,10027,1,,20.2,0.126599,0.0498359,14.147,1.78309,0
proposed_packet_only,10028,1,,11.57,0.0567415,0.00487454,8.39753,0.969517,0
proposed_packet_only,10029,1,,12.92,0.0113224,0.0196793,12.863,1.82771,0
proposed_packet_only,10030,1,,11.74,0.0542207,0.0892312,7.73076,1.66911,0
proposed_packet_only,10031,1,,16.73,0.0615142,0.00727682,9.07664,1.02975,0
proposed_packet_only,10032,1,,20.02,0.0933526,0.0227422,15.1106,1.63325,0
proposed_packet_only,10033,1,,14.88,0.0808987,0.0442665,12.8757,0.910759,0
proposed_packet_only,10034,1,,15.02,0.0732718,0.0531348,14.3559,0.498451,0
proposed_packet_only,10035,1,,15.87,0.0262939,0.0235088,11.5342,1.92912,0
proposed_packet_only,10036,1,,14.44,0.04,0.0272756,8.64678,0.35365,0
proposed_packet_only,10037,1,,11.57,0.122252,0.0352208,8.28191,0.964566,0
proposed_packet_only,10038,1,,20.7,0.0813576,0.0620654,8.96801,0.620159,0
proposed_packet_only,10039,1,,16.13,0.123717,0.0301575,8.0903,1.30006,0
proposed_packet_only,10040,1,,17.21,0.0608412,0.0226995,8.4915,1.1815,0
proposed_packet_only,10041,1,,17.48,0.0368309,0.0242367,8.31256,2.00897,0
proposed_packet_only,10042,1,,8.6,0.0587423,0.0171952,8.4995,1.60932,0
proposed_packet_only,10043,1,,17.74,0.054658,0.0370628,8.75475,0.866416,0
proposed_packet_only,10044,1,,8.27,0.114346,0.0285451,11.0393,1.1367,0
proposed_packet_only,10045,1,,13.46,0.0993273,0.0180069,13.4465,1.58994,0
proposed_packet_only,10046,1,,17.36,0.0573809,0.0730367,8.80806,0.723532,0
proposed_packet_only,10047,1,,9.67,0.0345193,0.0114954,8.23192,2.30199,0
proposed_packet_only,10048,1,,10.22,0.0285073,0.0384852,9.37787,1.24706,0
proposed_packet_only,10049,1,,14.78,0.0632195,0.0348357,7.76741,1.44335,0
proposed_packet_only,10050,1,,18.25,0.121127,0.0277095,8.49284,1.87477,0
proposed_packet_only,10051,1,,10.96,0.00969212,0.00911014,8.41386,0.259012,0
proposed_packet_only,10052,1,,14.08,0.0989391,0.0955428,8.56714,1.07671,0
proposed_packet_only,10053,1,,14.05,0.0842169,0.0237877,8.77208,2.42281,0
proposed_packet_only,10054,1,,12.44,0.0804472,0.0353941,8.89204,1.06972,0
proposed_packet_only,10055,1,,12.71,0.0448938,0.0435282,8.41786,0.669032,0
proposed_packet_only,10056,1,,15.88,0.0841864,0.00748012,8.88037,1.02532,0
proposed_packet_only,10057,1,,12.56,0.0364631,0.0272005,15.5505,1.50585,0
proposed_packet_only,10058,1,,16.65,0.0650747,0.0492528,12.7458,0.871015,0
proposed_packet_only,10059,1,,8.69,0.138571,0.11087,14.4815,2.35242,0
proposed_packet_only,10060,1,,12.09,0.0744812,0.0368604,9.5888,1.11591,0
proposed_packet_only,10061,1,,12.73,0.0589411,0.0170226,9.02499,1.04941,0
proposed_packet_only,10062,1,,12.8,0.0639121,0.0884228,9.1916,0.295015,0
proposed_packet_only,10063,1,,14.16,0.0447594,0.0333621,13.018,1.56584,0
proposed_packet_only,10064,1,,13.48,0.103191,0.0576232,14.0503,1.23889,0
proposed_packet_only,10065,1,,18.67,0.0589713,0.0409357,9.16894,2.32124,0
proposed_packet_only,10066,1,,13.36,0.0533424,0.0364509,8.37421,2.62114,0
proposed_packet_only,10067,1,,15.65,0.0194058,0.0152548,10.8181,1.64826,0
proposed_packet_only,10068,1,,19.22,0.0514092,0.0517875,9.77241,1.38001,0
proposed_packet_only,10069,1,,15.27,0.0307169,0.042818,10.1266,2.25889,0
proposed_packet_only,10070,1,,17.74,0.0363465,0.0345476,13.5685,1.79072,0
proposed_packet_only,10071,1,,13.82,0.0262866,0.036914,19.0673,1.4745,0
proposed_packet_only,10072,1,,14.78,0.0675998,0.122439,9.63879,0.824257,0
proposed_packet_only,10073,1,,10.12,0.0438997,0.00704074,9.1856,1.73556,0
proposed_packet_only,10074,1,,16.12,0.017845,0.0100364,9.18227,1.62116,0
proposed_packet_only,10075,1,,13.94,0.109094,0.00831119,7.9047,2.31667,0
proposed_packet_only,10076,1,,17.66,0.0352523,0.00153701,9.04065,1.85824,0
proposed_packet_only,10077,1,,11.69,0.0318671,0.0281585,7.76475,1.94052,0
proposed_packet_only,10078,1,,15.37,0.0961105,0.0667032,9.44852,1.45532,0
proposed_packet_only,10079,1,,16.81,0.0780787,0.0266869,8.71843,1.33409,0
proposed_packet_only,10080,1,,10.4,0.071227,0.00645605,14.3352,1.4592,0
proposed_packet_only,10081,1,,12.73,0.0654235,0.0220776,12.2992,1.40758,0
proposed_packet_only,10082,1,,13.74,0.0679025,0.13393,9.04232,1.15564,0
proposed_packet_only,10083,1,,11.75,0.0256151,0.0588971,8.80706,1.62081,0
proposed_packet_only,10084,1,,12.65,0.176635,0.020156,8.74375,0.765086,0
proposed_packet_only,10085,1,,12.49,0.0197378,0.0032258,9.62013,2.05355,0
proposed_packet_only,10086,1,,15.55,0.0235211,0.0531803,9.02666,1.58347,0
proposed_packet_only,10087,1,,9.81,0.0182391,0.0562364,9.62446,2.42762,0
proposed_packet_only,10088,1,,14.58,0.074886,0.0771684,13.7158,0.880314,0
proposed_packet_only,10089,1,,13.45,0.0827837,0.0288949,8.83439,1.31127,0
proposed_packet_only,10090,1,,15.74,0.0603199,0.0250104,8.65178,0.731185,0
proposed_packet_only,10091,1,,11.67,0.0081178,0.0497673,9.87837,1.21925,0
proposed_packet_only,10092,1,,8.2,0.122133,0.00543483,13.0407,1.46941,0
proposed_packet_only,10093,1,,15.89,0.0475358,0.00198658,12.5078,1.48157,0
proposed_packet_only,10094,1,,15.09,0.0519474,0.0676359,8.85105,0.824995,0
proposed_packet_only,10095,1,,16.95,0.0828626,0.00744139,14.4185,1.29141,0
proposed_packet_only,10096,1,,17.94,0.0965972,0.036679,15.2046,1.53658,0
proposed_packet_only,10097,1,,11.02,0.065782,0.0339471,14.6908,2.10396,0
proposed_packet_only,10098,1,,17.09,0.0366667,0.0113518,13.8111,2.20974,0
proposed_packet_only,10099,1,,11.1,0.169277,0.0892114,10.9913,1.95277,0
proposed_packet_only,10100,1,,15.38,0.0669279,0.0714121,10.7104,2.07405,0
proposed_packet_only,10101,1,,13.27,0.0671737,0.029134,14.5648,0.795935,0
proposed_packet_only,10102,1,,13.44,0.0391152,0.0377184,14.9693,1.49638,0
proposed_packet_only,10103,1,,11.07,0.145242,0.0371287,9.03899,1.60234,0
proposed_packet_only,10104,1,,19.51,0.0951876,0.0297445,7.93402,1.10427,0
proposed_packet_only,10105,1,,14.21,0.0640147,0.0780629,8.51783,0.941383,0
proposed_packet_only,10106,1,,12.32,0.0854263,0.0165398,9.17527,2.96722,0
proposed_packet_only,10107,1,,10.48,0.054185,0.00976584,10.2139,1.81891,0
proposed_packet_only,10108,1,,12.26,0.042252,0.00465293,9.02499,0.952754,0
proposed_packet_only,10109,1,,16.94,0.0770109,0.0689274,11.6428,1.43318,0
proposed_packet_only,10110,1,,13.18,0.070918,0.0145929,8.63512,0.948198,0
proposed_packet_only,10111,1,,10.84,0.0737891,0.0438643,13.6684,1.5692,0
proposed_packet_only,10112,1,,12.63,0.151343,0.00849339,10.9104,1.12317,0
proposed_packet_only,10113,1,,12.22,0.0447716,0.0297785,8.55681,1.75356,0
proposed_packet_only,10114,1,,13.44,0.105891,0.0265344,16.1763,3.0594,0
proposed_packet_only,10115,1,,19.28,0.0239239,0.00658856,12.4528,1.28625,0
proposed_packet_only,10116,1,,10.66,0.0442359,0.0101072,17.5998,1.75209,0
proposed_packet_only,10117,1,,15.69,0.0902085,0.0347331,13.6658,0.975732,0
proposed_packet_only,10118,1,,10.12,0.180341,0.0155084,18.8614,1.34846,0
proposed_packet_only,10119,1,,13.01,0.0486337,0.0126285,14.0506,0.731398,0
proposed_packet_only,10120,1,,14.18,0.0306731,0.0622335,11.061,0.957391,0
proposed_packet_only,10121,1,,12.33,0.0975352,0.00798927,8.28157,1.94639,0
proposed_packet_only,10122,1,,13.33,0.0205821,0.0588318,10.2672,1.92122,0
proposed_packet_only,10123,1,,13.71,0.0567468,0.0339351,7.94302,1.92918,0
proposed_packet_only,10124,1,,16.21,0.088071,0.0231152,12.9084,1.00517,0
proposed_packet_only,10125,1,,12.26,0.0765754,0.0373571,11.2566,1.16837,0
proposed_packet_only,10126,1,,18.83,0.058883,0.041066,11.4045,2.6275,0
proposed_packet_only,10127,1,,9.23,0.0617665,0.0118386,17.9847,2.91207,0
proposed_packet_only,10128,1,,10.36,0.0268682,0.0287141,19.2443,1.68072,0
proposed_packet_only,10129,1,,16.83,0.116782,0.00872692,16.966,2.53366,0
proposed_packet_only,10130,1,,15.9,0.01421,0.000692383,18.3452,1.74467,0
proposed_packet_only,10131,1,,7.88,0.150927,0.0288042,13.2226,1.94135,0
proposed_packet_only,10132,1,,15.27,0.0450968,0.0133216,11.057,0.63829,0
proposed_packet_only,10133,1,,17.57,0.0656132,0.0570907,11.0783,1.73874,0
proposed_packet_only,10134,1,,18.26,0.0778259,0.00450536,13.4399,0.72498,0
proposed_packet_only,10135,1,,18.5,0.0503595,0.00100829,10.6934,1.69998,0
proposed_packet_only,10136,1,,8.53,0.0688076,0.0999354,7.71543,2.22532,0
proposed_packet_only,10137,1,,10.72,0.0759894,0.0509409,7.62612,2.13482,0
proposed_packet_only,10138,1,,10.88,0.0770293,0.0495149,7.8034,2.39669,0
proposed_packet_only,10139,1,,12.98,0.0226767,0.0226439,11.2519,2.63931,0
proposed_packet_only,10140,1,,9.1,0.0211426,0.0938854,15.0916,1.97615,0
proposed_packet_only,10141,1,,19.46,0.0684906,0.0111753,20.7851,0.231671,0
proposed_packet_only,10142,1,,11.54,0.0795093,0.00391025,14.9533,1.33125,0
proposed_packet_only,10143,1,,11.56,0.14326,0.00880266,8.8084,1.53567,0
proposed_packet_only,10144,1,,8.53,0.0654424,0.00412173,8.30023,1.52967,0
proposed_packet_only,10145,1,,17.13,0.0868004,0.0020828,8.58414,1.83056,0
proposed_packet_only,10146,1,,8.16,0.0890872,0.0042517,8.22259,2.3847,0
proposed_packet_only,10147,1,,12.49,0.148223,0.0324455,18.0377,1.88639,0
proposed_packet_only,10148,1,,8.69,0.0781995,0.0338337,15.4568,1.29503,0
proposed_packet_only,10149,1,,12.69,0.0711159,0.0186388,17.0923,0.650932,0
proposed_packet_only,10150,1,,18.09,0.0556466,0.0144647,14.1396,1.56749,0
proposed_packet_only,10151,1,,14.57,0.0309656,0.0280771,10.3236,1.4891,0
proposed_packet_only,10152,1,,12.99,0.0492096,0.0118842,10.7484,1.95169,0
proposed_packet_only,10153,1,,12.07,0.0644211,0.00577882,10.1846,1.31982,0
proposed_packet_only,10154,1,,16.36,0.0648337,0.0563649,10.3612,0.668828,0
proposed_packet_only,10155,1,,10.87,0.0617559,0.102391,13.071,1.0556,0
proposed_packet_only,10156,1,,9.62,0.103916,0.0715826,7.68977,2.09946,0
proposed_packet_only,10157,1,,12.54,0.0612357,0.0139798,8.46218,1.47479,0
proposed_packet_only,10158,1,,13.93,0.0555166,0.000111652,10.2539,2.12689,0
proposed_packet_only,10159,1,,8.52,0.0604541,0.0255181,18.7591,2.64999,0
proposed_packet_only,10160,1,,12.44,0.0820376,0.0227053,16.6091,3.56856,0
proposed_packet_only,10161,1,,19.18,0.061005,0.0791317,13.5691,1.0455,0
proposed_packet_only,10162,1,,11.01,0.0907945,0.0548703,7.62113,1.72208,0
proposed_packet_only,10163,1,,13.37,0.0461625,0.0238979,8.8917,1.26381,0
proposed_packet_only,10164,1,,20.36,0.0791728,0.0404623,8.65412,1.83394,0
proposed_packet_only,10165,1,,15.07,0.0368571,0.0119104,8.83339,1.26007,0
proposed_packet_only,10166,1,,11.11,0.054641,0.0736503,15.077,0.393564,0
proposed_packet_only,10167,1,,13.56,0.0243258,0.00909856,18.1826,0.755982,0
proposed_packet_only,10168,1,,12.91,0.0464842,0.047576,11.4172,1.52922,0
proposed_packet_only,10169,1,,16.87,0.02992,0.0250178,17.1473,2.19352,0
proposed_packet_only,10170,1,,10.3,0.0891715,0.0166513,14.6058,0.530658,0
proposed_packet_only,10171,1,,12.63,0.0933487,0.0134218,16.5405,1.91993,0
proposed_packet_only,10172,1,,17.71,0.0209733,0.0461859,11.3232,0.565344,0
proposed_packet_only,10173,1,,15.03,0.0221534,0.0546276,11.4045,2.5086,0
proposed_packet_only,10174,1,,9.54,0.184146,0.0260694,10.6461,1.73001,0
proposed_packet_only,10175,1,,14.92,0.0675706,0.0095079,11.0853,0.791161,0
proposed_packet_only,10176,1,,17.36,0.0414933,0.00361357,11.1016,1.24833,0
proposed_packet_only,10177,1,,13.24,0.0466186,0.00733386,14.1416,1.46676,0
proposed_packet_only,10178,1,,7.94,0.0786379,0.0192518,11.0676,2.64245,0
proposed_packet_only,10179,1,,11.58,0.0687235,0.0452422,11.4982,2.04124,0
proposed_packet_only,10180,1,,18.32,0.159593,0.0211066,13.7188,1.26829,0
proposed_packet_only,10181,1,,17.99,0.0906624,0.00584063,8.22393,1.90747,0
proposed_packet_only,10182,1,,18.48,0.0732978,0.0535411,9.65611,1.9898,0
proposed_packet_only,10183,1,,17.72,0.0381408,0.0208288,9.43219,2.00584,0
proposed_packet_only,10184,1,,16.18,0.0173176,0.116309,21.2802,0.888085,0
proposed_packet_only,10185,1,,17.24,0.0808817,0.00893298,11.1623,1.96527,0
proposed_packet_only,10186,1,,11.6,0.0373558,0.0227204,13.9077,0.429055,0
proposed_packet_only,10187,1,,14.54,0.127281,0.00793188,13.032,1.49493,0
proposed_packet_only,10188,1,,16.72,0.0826959,0.0235843,13.9397,1.3229,0
proposed_packet_only,10189,1,,18.49,0.0513776,0.0880184,20.5598,1.08105,0
proposed_packet_only,10190,1,,13.48,0.129649,0.0779706,19.4558,1.23997,0
proposed_packet_only,10191,1,,16.86,0.0753039,0.00322605,14.0303,1.24954,0
proposed_packet_only,10192,1,,16.2,0.033831,0.134251,17.7224,2.37516,0
proposed_packet_only,10193,1,,17.77,0.108702,0.0682565,15.9927,2.19283,0
proposed_packet_only,10194,1,,11.29,0.0601063,0.155277,15.6711,1.42732,0
proposed_packet_only,10195,1,,12.14,0.0551879,0.0455216,13.4142,1.18435,0
proposed_packet_only,10196,1,,12.33,0.059942,0.00507391,10.883,0.780945,0
proposed_packet_only,10197,1,,10.49,0.078047,0.0172339,9.43119,0.908336,0
proposed_packet_only,10198,1,,12.19,0.0827664,0.0286825,8.95635,0.895094,0
proposed_packet_only,10199,1,,12.7,0.0493842,0.00123966,11.1553,1.61791,0
anchored_naive,10000,0,no_reach,-1,17.7912,1.53631,18.8534,2.8226,0
anchored_naive,10001,0,no_reach,-1,52.7566,1.97825,10.5825,6.54369,0
anchored_naive,10002,0,no_reach,-1,19.3551,1.60949,9.77607,3.3767,0
anchored_naive,10003,0,no_reach,-1,129.94,2.72071,8.02233,5.05714,0
anchored_naive,10004,1,,16.73,0.0625203,0.0110118,9.10497,1.42446,0
anchored_naive,10005,0,no_reach,-1,115.901,2.56429,9.28324,12.0471,0
anchored_naive,10006,1,,13.8,0.0636155,0.409816,17.3196,1.84267,0
anchored_naive,10007,0,no_reach,-1,133.71,2.72733,11.4592,3.25394,0
anchored_naive,10008,0,no_reach,-1,91.0961,2.1575,8.33322,2.82238,0
anchored_naive,10009,0,no_reach,-1,48.9123,1.90417,12.9603,8.44284,0
anchored_naive,10010,0,no_reach,-1,130.428,2.80895,7.97201,23.6715,0
anchored_naive,10011,1,,18.9,0.0924952,0.428593,17.4055,1.3969,0
anchored_naive,10012,0,no_reach,-1,112.309,2.48433,17.1226,10.5038,0
anchored_naive,10013,1,,12.71,0.0910502,0.689912,13.5555,0.731355,0
anchored_naive,10014,0,no_reach,-1,135.047,2.77168,14.8834,5.22723,0
anchored_naive,10015,0,no_reach,-1,2.2033,1.3559,11.0923,0.209655,0
anchored_naive,10016,1,,12.3,0.0634304,0.464666,13.1953,1.49256,0
anchored_naive,10017,1,,32.54,0.135969,0.652788,8.74508,1.8705,0
anchored_naive,10018,1,,20.58,0.118408,0.465064,9.42819,0.131699,0
anchored_naive,10019,0,no_reach,-1,137.612,2.77622,7.42153,6.47839,0
anchored_naive,10020,1,,20.92,0.0710846,0.507052,9.11896,0.167386,0
anchored_naive,10021,0,no_reach,-1,116.081,2.42709,10.3432,1.9302,0
anchored_naive,10022,1,,8.07,0.109934,0.15305,7.90237,1.59907,0
anchored_naive,10023,0,no_reach,-1,130.969,2.77453,8.80506,19.7809,0
anchored_naive,10024,0,no_reach,-1,9.08767,1.37123,11.5218,2.41802,0
anchored_naive,10025,1,,19.82,0.16805,0.547021,20.7258,2.54189,0
anchored_naive,10026,0,no_reach,-1,5.13489,1.29421,12.1923,0.883011,0
anchored_naive,10027,0,no_reach,-1,129.822,2.54196,8.28457,7.93392,0
anchored_naive,10028,0,no_reach,-1,137.006,2.78259,7.52782,16.4066,0
anchored_naive,10029,0,no_reach,-1,49.376,1.83168,8.25625,2.31337,0
anchored_naive,10030,1,,16.46,0.0687285,0.530157,10.3499,1.97272,0
anchored_naive,10031,1,,110.05,0.247379,1.14366,13.1823,0.837199,0
anchored_naive,10032,0,no_reach,-1,1.74423,1.18157,15.5155,1.15518,0
anchored_naive,10033,0,no_reach,-1,0.433489,1.06895,19.2173,1.02465,0
anchored_naive,10034,1,,62,0.242863,1.01878,13.2772,0.716817,0
anchored_naive,10035,1,,73.96,0.247622,1.11633,9.01999,0.608631,0
anchored_naive,10036,0,no_reach,-1,20.2554,1.56436,10.5978,2.20131,0
anchored_naive,10037,1,,28.65,0.178014,0.962885,9.04265,0.90175,0
anchored_naive,10038,0,no_reach,-1,149.587,3.1175,8.85571,5.01351,0
anchored_naive,10039,0,no_reach,-1,134.388,2.67825,9.28624,11.4004,0
anchored_naive,10040,1,,16.96,0.0345307,0.0484465,9.40153,0.995128,0
anchored_naive,10041,0,no_reach,-1,134.118,2.70616,12.6091,1.20903,0
anchored_naive,10042,1,,11.14,0.096831,0.411716,13.6891,1.42407,0
anchored_naive,10043,0,no_reach,-1,114.891,2.33219,12.2449,11.7051,0
anchored_naive,10044,0,no_reach,-1,7.42718,1.48374,10.3525,0.448763,0
anchored_naive,10045,0,no_reach,-1,45.3815,1.83823,8.75575,9.02048,0
anchored_naive,10046,1,,19.69,0.100877,0.325619,11.2716,1.50463,0
anchored_naive,10047,0,no_reach,-1,27.7231,1.65316,19.9244,1.95597,0
anchored_naive,10048,0,no_reach,-1,117.549,2.538,12.6115,4.60937,0
anchored_naive,10049,1,,14.36,0.0657763,0.072235,17.0816,1.30631,0
anchored_naive,10050,1,,11.77,0.100924,0.287472,11.1496,1.63847,0
anchored_naive,10051,0,no_reach,-1,57.8665,1.90213,15.4682,1.54151,0
anchored_naive,10052,0,no_reach,-1,0.378081,1.13782,8.12063,1.34372,0
anchored_naive,10053,0,no_reach,-1,58.3936,1.98575,7.9117,5.91889,0
anchored_naive,10054,0,no_reach,-1,56.1716,1.93572,7.98234,8.12866,0
anchored_naive,10055,1,,16.94,0.0837416,0.647954,16.6548,1.30486,0
anchored_naive,10056,0,no_reach,-1,1.63949,1.16121,10.0616,0.632885,0
anchored_naive,10057,0,no_reach,-1,110.963,2.37173,14.3972,8.14372,0
anchored_naive,10058,0,no_reach,-1,69.3586,1.90509,12.5002,8.14073,0
anchored_naive,10059,1,,21.23,0.118992,0.708132,8.91669,2.17735,0
anchored_naive,10060,0,no_reach,-1,0.325606,1.0826,8.48084,1.20756,0
anchored_naive,10061,0,no_reach,-1,142.227,2.99409,18.067,12.7698,0
anchored_naive,10062,0,no_reach,-1,35.4066,1.71075,21.1796,1.79058,0
anchored_naive,10063,0,no_reach,-1,80.2012,2.10887,15.2969,1.71849,0
anchored_naive,10064,0,no_reach,-1,127.826,2.67437,11.0243,3.26188,0
anchored_naive,10065,1,,23.92,0.126466,0.615153,15.7507,2.36563,0
anchored_naive,10066,0,no_reach,-1,76.5295,2.1346,22.7274,8.47123,0
anchored_naive,10067,0,no_reach,-1,132.723,2.72537,10.5128,5.55443,0
anchored_naive,10068,0,no_reach,-1,1.26173,1.31429,9.56614,0.895786,0
anchored_naive,10069,1,,15.05,0.0298705,0.111773,7.77607,2.37446,0
anchored_naive,10070,1,,24.36,0.083527,0.59973,7.91969,1.6703,0
anchored_naive,10071,0,no_reach,-1,5.85341,1.35246,11.3219,1.26133,0
anchored_naive,10072,1,,23.18,0.186526,0.718694,8.65978,0.371322,0
anchored_naive,10073,0,no_reach,-1,120.153,2.55835,9.33822,3.77773,0
anchored_naive,10074,1,,21.9,0.0989478,0.586543,11.8377,0.340608,0
anchored_naive,10075,1,,14.39,0.0852181,0.36872,10.3739,1.47581,0
anchored_naive,10076,0,no_reach,-1,38.8728,1.67621,11.2003,5.22343,0
anchored_naive,10077,0,no_reach,-1,119.921,2.61734,13.6381,8.31951,0
anchored_naive,10078,0,no_reach,-1,142.378,3.06768,13.9327,22.5336,0
anchored_naive,10079,0,no_reach,-1,143.03,2.9189,16.6528,2.25995,0
anchored_naive,10080,0,no_reach,-1,41.1213,1.86197,16.1563,4.06633,0
anchored_naive,10081,1,,15.03,0.0589918,0.382956,21.3492,1.26316,0
anchored_naive,10082,0,no_reach,-1,142.492,2.86006,18.7274,19.8327,0
anchored_naive,10083,1,,25.74,0.159695,0.848266,15.8517,0.4452,0
anchored_naive,10084,0,no_reach,-1,15.7888,1.44124,28.2083,4.42074,0
anchored_naive,10085,0,no_reach,-1,76.588,2.106,12.868,3.42057,0
anchored_naive,10086,0,no_reach,-1,3.11495,1.30423,12.4565,0.975544,0
anchored_naive,10087,1,,9.6,0.0189424,0.236836,14.0513,2.57184,0
anchored_naive,10088,0,no_reach,-1,136.419,2.8384,12.8401,12.0496,0
anchored_naive,10089,0,no_reach,-1,98.2515,2.22205,13.2519,7.60963,0
anchored_naive,10090,1,,15.53,0.0380267,0.151162,14.3022,0.549536,0
anchored_naive,10091,0,no_reach,-1,25.5853,1.64716,26.5585,1.20151,0
anchored_naive,10092,0,no_reach,-1,5.66532,1.51205,23.5278,0.298569,0
anchored_naive,10093,0,no_reach,-1,76.2337,2.01211,12.8457,4.18607,0
anchored_naive,10094,0,no_reach,-1,77.6114,2.04276,14.6994,2.43559,0
anchored_naive,10095,0,no_reach,-1,115.521,2.56461,7.40253,19.9308,0
anchored_naive,10096,0,no_reach,-1,124.038,2.49342,7.3952,5.42306,0
anchored_naive,10097,1,,17.44,0.137665,0.720879,8.48351,1.72234,0
anchored_naive,10098,0,no_reach,-1,1.12426,1.05231,8.47917,1.21173,0
anchored_naive,10099,0,no_reach,-1,134.921,2.77535,8.94668,5.35768,0
anchored_naive,10100,0,no_reach,-1,145.621,3.13393,10.3462,6.55875,0
anchored_naive,10101,1,,12.75,0.0522287,0.225338,8.95501,1.39369,0
anchored_naive,10102,1,,14.38,0.101683,0.379146,10.4605,1.79255,0
anchored_naive,10103,0,no_reach,-1,123.183,2.51326,12.5002,18.3049,0
anchored_naive,10104,0,no_reach,-1,149.283,3.02977,13.047,12.375,0
anchored_naive,10105,1,,25.64,0.118593,0.813576,12.7284,0.25012,0
anchored_naive,10106,0,no_reach,-1,3.33842,1.35284,8.97534,1.2978,0
anchored_naive,10107,0,no_reach,-1,45.3731,1.91735,8.26691,10.3094,0
anchored_naive,10108,0,no_reach,-1,56.7272,2.0408,10.8657,14.4099,0
anchored_naive,10109,0,no_reach,-1,36.5045,1.75711,9.36921,4.48535,0
anchored_naive,10110,1,,23.08,0.0778249,0.694176,9.22459,1.75018,0
anchored_naive,10111,0,no_reach,-1,44.7951,1.83243,25.4828,2.09845,0
anchored_naive,10112,0,no_reach,-1,135.079,2.9185,13.97,14.1036,0
anchored_naive,10113,0,no_reach,-1,135.328,2.78571,13.9374,4.10558,0
anchored_naive,10114,1,,14.7,0.125595,0.318189,14.5142,2.42936,0
anchored_naive,10115,1,,25.93,0.056871,0.609015,16.9427,1.79845,0
anchored_naive,10116,1,,27.97,0.152334,0.881456,18.1886,0.787288,0
anchored_naive,10117,0,no_reach,-1,0.75014,1.22756,12.4682,0.96135,0
anchored_naive,10118,0,no_reach,-1,135.749,2.81849,20.6664,9.60628,0
anchored_naive,10119,0,no_reach,-1,84.1503,2.09613,16.6108,6.49003,0
anchored_naive,10120,0,no_reach,-1,130.402,2.65882,13.8484,2.7416,0
anchored_naive,10121,1,,24.91,0.0923844,0.800655,14.4025,2.31086,0
anchored_naive,10122,0,no_reach,-1,53.379,2.02743,16.981,15.0524,0
anchored_naive,10123,1,,78.18,0.11978,1.1215,8.75708,1.73076,0
anchored_naive,10124,1,,28.22,0.111443,0.866688,7.82606,0.832575,0
anchored_naive,10125,1,,13.52,0.110862,0.289388,7.70743,1.22637,0
anchored_naive,10126,0,no_reach,-1,44.004,1.82569,8.45252,5.96221,0
anchored_naive,10127,0,no_reach,-1,8.94134,1.52247,9.67378,0.841415,0
anchored_naive,10128,0,no_reach,-1,132.514,2.85743,10.2872,8.74245,0
anchored_naive,10129,1,,18.29,0.093562,0.359608,10.8934,1.99912,0
anchored_naive,10130,0,no_reach,-1,51.5244,1.76975,17.3432,6.96953,0
anchored_naive,10131,1,,9.57,0.139831,0.418345,8.84139,1.55118,0
anchored_naive,10132,0,hold_broken,131.17,0.342847,1.20531,10.8707,0.673165,0
anchored_naive,10133,1,,19.24,0.0355658,0.221066,10.5265,1.67716,0
anchored_naive,10134,1,,18.81,0.0754319,0.203459,15.2263,1.16081,0
anchored_naive,10135,0,no_reach,-1,147.365,2.8674,17.4922,23.9127,0
anchored_naive,10136,0,no_reach,-1,74.7004,2.1268,11.6468,4.3805,0
anchored_naive,10137,1,,15.4,0.121329,0.616059,14.082,1.75541,0
anchored_naive,10138,0,no_reach,-1,12.0591,1.56568,19.1476,1.63323,0
anchored_naive,10139,0,no_reach,-1,27.6206,1.67321,23.1176,2.176,0
anchored_naive,10140,0,no_reach,-1,136.601,3.06136,11.924,19.631,0
anchored_naive,10141,0,no_reach,-1,122.366,2.64461,11.5838,21.949,0
anchored_naive,10142,0,no_reach,-1,94.0686,2.28553,13.9084,3.99486,0
anchored_naive,10143,0,no_reach,-1,0.400531,1.18152,16.965,1.66902,0
anchored_naive,10144,0,no_reach,-1,35.1988,1.66205,23.5155,6.80183,0
anchored_naive,10145,0,no_reach,-1,112.827,2.39629,9.78907,3.16764,0
anchored_naive,10146,0,no_reach,-1,120.795,2.496,12.1246,20.5374,0
anchored_naive,10147,0,no_reach,-1,77.9931,2.11064,8.13496,4.11039,0
anchored_naive,10148,0,no_reach,-1,6.71261,1.35076,13.6455,1.219,0
anchored_naive,10149,0,no_reach,-1,69.4447,1.99917,14.6718,2.54024,0
anchored_naive,10150,0,no_reach,-1,86.7173,2.05473,10.6041,11.2612,0
anchored_naive,10151,0,no_reach,-1,13.8207,1.62745,14.997,2.35978,0
anchored_naive,10152,0,no_reach,-1,38.6453,1.73019,16.9727,4.76494,0
anchored_naive,10153,0,no_reach,-1,115.913,2.46236,10.0956,6.15993,0
anchored_naive,10154,0,no_reach,-1,146.299,3.06328,14.5282,1.24147,0
anchored_naive,10155,1,,17.83,0.0721834,0.717875,9.08464,0.835218,0
anchored_naive,10156,1,,27.76,0.169658,0.869679,8.2959,1.73737,0
anchored_naive,10157,0,no_reach,-1,142.394,3.13935,8.32889,3.63161,0
anchored_naive,10158,1,,36.61,0.119079,0.93743,7.87371,0.27912,0
anchored_naive,10159,0,no_reach,-1,105.477,2.55183,9.2909,23.0031,0
anchored_naive,10160,0,no_reach,-1,138.611,2.81208,8.18727,14.4976,0
anchored_naive,10161,1,,19.09,0.0641577,0.171172,10.4399,1.74457,0
anchored_naive,10162,0,no_reach,-1,120.205,2.73102,7.76808,24.6648,0
anchored_naive,10163,0,no_reach,-1,51.6396,1.78041,22.1799,7.84144,0
anchored_naive,10164,1,,19.4,0.0827444,0.280753,10.4538,0.519328,0
anchored_naive,10165,1,,24.16,0.121735,0.664855,8.46518,0.984282,0
anchored_naive,10166,1,,52.99,0.485109,0.983155,7.93402,1.4237,0
anchored_naive,10167,0,no_reach,-1,2.38458,1.39936,10.2856,1.67222,0
anchored_naive,10168,1,,12.57,0.0591957,0.0241917,9.30423,1.5603,0
anchored_naive,10169,1,,45,0.107954,0.853466,8.30257,1.75421,0
anchored_naive,10170,1,,13.45,0.0779297,0.586181,12.2952,0.629645,0
anchored_naive,10171,1,,12.39,0.00443409,0.133852,13.2552,2.22915,0
anchored_naive,10172,0,no_reach,-1,115.656,2.49435,14.0367,10.0208,0
anchored_naive,10173,1,,35.48,0.155591,0.981316,11.087,1.21459,0
anchored_naive,10174,0,no_reach,-1,123.615,2.77388,7.87537,20.2635,0
anchored_naive,10175,1,,34.55,0.0808967,0.764328,8.72776,1.32416,0
anchored_naive,10176,0,no_reach,-1,124.317,2.56451,9.69077,0.804076,0
anchored_naive,10177,0,no_reach,-1,75.347,1.97725,17.4508,10.8726,0
anchored_naive,10178,0,no_reach,-1,131.484,2.75472,11.1196,9.97811,0
anchored_naive,10179,0,no_reach,-1,6.79236,1.43663,21.6808,2.22341,0
anchored_naive,10180,0,no_reach,-1,59.811,1.85228,12.973,7.98771,0
anchored_naive,10181,1,,29.3,0.0963242,0.724442,8.01933,0.338857,0
anchored_naive,10182,0,no_reach,-1,114.613,2.41859,17.0417,5.01666,0
anchored_naive,10183,0,no_reach,-1,13.3757,1.55136,17.9067,0.89741,0
anchored_naive,10184,0,no_reach,-1,89.8691,2.25691,11.9607,9.15976,0
anchored_naive,10185,1,,44.85,0.175809,0.975713,9.66211,0.414581,0
anchored_naive,10186,0,no_reach,-1,25.4491,1.68244,9.65545,3.06534,0
anchored_naive,10187,1,,16.17,0.0948903,0.426182,7.77874,1.92529,0
anchored_naive,10188,0,no_reach,-1,51.2018,1.82861,9.18794,6.64761,0
anchored_naive,10189,0,no_reach,-1,129.437,2.58728,8.85571,2.58651,0
anchored_naive,10190,1,,12.97,0.0888915,0.220439,9.12163,1.02282,0
anchored_naive,10191,0,no_reach,-1,130.77,2.67967,8.65745,5.17597,0
anchored_naive,10192,0,no_reach,-1,122.22,2.34073,7.8144,22.8251,0
anchored_naive,10193,0,no_reach,-1,130.346,2.61998,8.01,0.349764,0
anchored_naive,10194,0,no_reach,-1,116.421,2.61745,8.48217,14.2536,0
anchored_naive,10195,0,no_reach,-1,104.602,2.40081,8.62779,5.23084,0
anchored_naive,10196,1,,24.06,0.159284,0.756564,7.67411,0.590012,0
anchored_naive,10197,0,no_reach,-1,74.5874,2.14801,15.4435,9.18775,0
anchored_naive,10198,0,no_reach,-1,91.262,2.22837,9.1093,5.24746,0
anchored_naive,10199,0,no_reach,-1,135.456,2.81183,7.3059,4.13003,0
